smiles,is_potent_any,split
C#CCN(Cc1ccc2nc(C)nc(O)c2c1)c1ccc(C(=O)N[C@@H](CCC(=O)O)C(=O)N2CCCC2C(=O)O)cc1,1,train
CC(=O)N1CSC[C@@H]1C(=O)N[C@@H](Cc1ccc(OCc2c(Cl)cc(Cl)cc2Cl)cc1)C(=O)O,1,train
CCN(Cc1ccccc1)C(=O)N1C(=O)C[C@@H]1Cc1ccccc1,0,train
Cc1nc(C)c2c(n1)N(Cc1ccc(-c3ccccc3-c3nnn[nH]3)cc1)C(=O)CC2,1,train
O=c1cc(Cc2ccc(O)c(O)c2)oc2cc(O)ccc12,1,train
CCCCC(=O)N[C@@H]1CC(=O)NCCCC[C@@H](C(N)=O)NC(=O)[C@H](Cc2c[nH]c3ccccc23)NC(=O)[C@@H](CCCN=C(N)N)NC(=O)[C@H](Cc2ccccc2)NC(=O)C2(CCc3ccc(Br)cc3C2)NC1=O,1,train
Nc1nc(N)c2nc(Cc3ccccc3)[nH]c2n1,1,train
CC[C@H]1OC(=O)[C@H](C)[C@@H](O[C@H]2C[C@@](C)(OC)[C@@H](O)[C@H](C)O2)[C@H](C)[C@@H](O[C@@H]2O[C@H](C)C[C@H](N(C)C)[C@H]2O)[C@](C)(OC)C[C@@H](C)C(=O)[C@H](C)[C@@H](O)[C@]1(C)O,1,train
CN(Cc1cc2ccccc2n1C)C(=O)/C=C/c1ccc(N)nc1,1,train
Cc1cc(C)cc(Oc2cncc3sc(C(N)=O)cc23)c1,1,train
CC(C)[C@H](C[C@H](O)[C@H](CC1CCCCC1)NC(=O)[C@H](Cc1c[nH]cn1)NC(=O)[C@H](Cc1ccccc1)NC(=O)OC(C)(C)C)NC(=O)OCCc1ccccn1,1,train
COc1cccc2c1C(=O)c1c(O)c3c(c(O)c1C2=O)C[C@@](O)(C(=O)CO)C[C@@H]3O[C@H]1C[C@H](N)[C@H](O)[C@H](C)O1,1,train
CC(C)C[C@H](NC(=O)[C@H](CC(C)C)NC(=O)[C@H](Cc1ccc(N)cc1)NC(=O)[C@H](C)N)C(=O)N[C@@H](CCCN=C(N)N)C(N)=O,0,train
N#CCc1ccc(NC(=O)/C(C#N)=C(\O)C2CC2)cc1,0,train
O=C(O)C(=O)CC(=O)c1cccc(Cc2ccc(Cl)cc2)c1,1,train
Cc1ccc(Nc2ncc(-c3ccccc3)s2)nc1,1,train
Nc1nc(O)c2nn(-c3cccc(C(=O)NC[C@H]4CCCC[C@@H]4O)c3)nc2n1,1,train
O=C(CCCCCCNC(=O)C(F)(F)F)Nc1ccccc1,0,train
CCc1ccc2c(c1)c(OC)cc1nc(C(=O)c3ccccc3)cn12,1,train
O=C(NO)C1(S(=O)(=O)c2ccc(OCc3ccccc3)cc2)CCN(Cc2ccccc2)CC1,1,train
CCCCCCCCC(=O)N1CSC[C@H]1C(=O)N1CCCC1,1,train
CC(C)C[C@H](NC(=O)[C@H](Cc1ccccc1)NC(=O)[C@H](C)N)C(=O)N[C@@H](CC(C)C)C(=O)N(C)[C@@H](CCCN=C(N)N)C(N)=O,0,train
Cc1cc(NC(=O)Cc2ccc3[nH]c(-c4ccc(Cl)s4)nc3c2)ccc1-n1ccccc1=O,1,train
CCCCOc1ccc(S(=O)(=O)N2C/C(=N\N3CCNCC3)C[C@@H]2C(=O)NO)cc1,1,train
CC[C@H](C)[C@H](NC(=O)[C@@H](NC[C@@H](NC(=O)[C@H](CCCNC(=N)N)NC(=O)[C@@H](N)CC(=O)O)C(C)C)c1ccc(O)cc1)C(=O)N[C@@H](Cc1c[nH]cn1)C(=O)N1CCC[C@H]1C(=O)N[C@@H](Cc1ccccc1)C(=O)N[C@@H](Cc1c[nH]cn1)C(=O)C(N)[C@H](CC(C)C)C(C)=O,1,train
CC(=C(C#N)C#N)c1ccc(NC(=O)CCC(=O)O)cc1,0,train
Cc1cccc2c1C1(C34C[C@H]5C(=O)N[C@@H](Cc6ccccc6)C(=O)N5[C@H]3Nc3ccccc34)C[C@H]3C(=O)N[C@@H](Cc4ccccc4)C(=O)N3[C@H]1N2,1,train
CCc1c(OC)nc2nc(C(=O)c3ccccc3)cn2c1CC,1,train
CC(C)(C)NCc1cc(Nc2ccnc3cc(Cl)ccc23)cc(-c2ccc(Cl)cc2)c1O,1,train
C/C(COc1c(-c2ccccc2)c(O)nc2cc(Cl)ccc12)=N\O,1,train
c1ccc(-c2nc3c(-c4nc5ccccc5o4)cccc3o2)cc1,0,train
CCc1cc2c3[nH]c4cc(OCc5ccccc5)ccc4c3cc[n+]2nc1CC,1,train
CS(=O)(=O)Nc1cc2c3ccccc3nc-2c[nH]1,0,train
CC(C)C[C@H](NC(=O)[C@H](CC(C)C)NC(=O)[C@H](Cc1ccccc1)NC(=O)[C@H](C)N)C(=O)N[C@@H](CCCN=C(N)N)C(N)=O,1,train
C/C=C/C=C/C=C/C(=O)O[C@@H]1C=C2COC(O)[C@]2(O)[C@@]2(C)CCCC(C)(C)C12,0,train
NS(=O)(=O)Oc1ccc(Br)cc1,0,train
COC(=O)COc1cccn2c(Cc3ccccc3-c3ccccc3)c(C(C)C)c(C(=O)C(N)=O)c12,1,train
COc1ccc(NCc2cnc3nc(N)nc(N)c3c2C)c(OC)c1,1,train
CC(=O)Nc1cc(-c2[nH]c(-c3ccc(F)c(NC(C)=O)c3)c3c2C2CCC3C2)ccc1F,1,train
c1ccc(C(O[C@H]2C[C@H]3CC[C@@H](C2)O3)c2ccccc2)cc1,1,train
CCCCc1cc2c(=O)cc(C(=O)O)[nH]c2c2c(=O)cc(C(=O)O)[nH]c12,0,train
COC(=O)c1ccc(C2=CC(=O)C(=O)c3ccccc32)cc1,1,train
O=C(CCCn1c2c(c3ccccc31)C(=O)CN1CCCCC21)NC1CCCC1,0,train
COc1ccc(S(=O)(=O)N2CCN(C(=O)C3CCCCC3)CC2C(=O)NO)cc1,1,train
COc1ccc(S(=O)(=O)N(Cc2cccnc2)[C@@H](C(=O)NO)C(C)C)cc1,1,train
Nc1cccc(-c2ccc(CCN3CCN(c4cccc5cccnc45)CC3)cc2)n1,1,train
Cc1cc(O)c2c(=O)c3c(O)cc(O)c4c5c(O)cc(O)c6c(=O)c7c(O)cc(C)c8c1c2c(c34)c(c78)c65,1,train
CC(C)(C)O/N=C1/C[C@H](C(=O)NO)N(S(=O)(=O)c2ccc(Oc3ccncc3)cc2)C1,1,train
CNC(=O)c1cc2c(Oc3ccc(/C=C/C(=O)NCCc4c[nH]cn4)cc3)cncc2s1,1,train
CCC(=O)C1C(c2ccc(C(C)C)cc2)CC2CCC1N2C,1,train
Oc1ccccc1-c1nc2c(-c3nc4ccccc4o3)cccc2o1,0,train
Nc1c(-c2ccccc2)c(O)nc2cc(Cl)ccc12,1,train
COC(=O)[C@H](Cc1ccc(C#Cc2ccccc2)cc1)NC(=O)CNC(=O)[C@H](N=C(N)N)C(C)C,0,train
CC[C@H](C)[C@H](NC(=O)[C@H](Cc1ccc(O)cc1)NC(=O)c1[nH]c2c(OCCCCCN)cccc2c1CCCCCCN)C(=O)N[C@@H](CC(C)C)C(=O)O,1,train
C=C(Br)C(=O)Nc1ccc2oc(C(=O)Nc3cc(C(=O)Nc4cc(C(=O)Nc5cc(C(=O)NCCC(=N)N)n(C)c5)n(C)c4)n(C)c3)cc2c1,1,train
CC[N+](C)(CC)CC(=O)CCN1C(=O)CCC1=O,0,train
CCN(CC)CC(O)CNC(=O)c1cc(C)c(/C=C2\C(=O)Nc3ncnc(Nc4ccc(F)c(Cl)c4)c32)[nH]1,1,train
Cc1ccc(C)c(CNC(=O)[C@@H]2CCCN2C(=O)C(N)C(c2ccccc2)c2ccccc2)c1,1,train
CCC1CN2CCC1CC2[C@H](O)c1cc(-c2ccsc2)nc2ccc(OC)cc12,0,train
COc1ccc(S(=O)(=O)N2CCN(C(=O)N3CCCCCC3)CC2C(=O)NO)cc1,1,train
CC(C)C[C@H](NC(=O)[C@H](CC(C)C)NC(=O)[C@H](Cc1ccccc1)NC(=O)[C@H](N)CO)C(=O)N[C@@H](CCCN=C(N)N)C(N)=O,0,train
CC(C)C[C@H](NC(=O)[C@H](Cc1ccccc1)NC(=O)[C@@H](N)CO)C(=O)N[C@@H](CC(C)C)C(=O)N[C@H](CCCN=C(N)N)C(N)=O,0,train
CC(C)C[C@H](NC(=O)[C@@H](CC(C)C)NC(=O)[C@H](Cc1ccccc1)NC(=O)[C@@H](N)CO)C(=O)N[C@@H](CCCN=C(N)N)C(N)=O,0,train
C=C(C)CN1Cc2cccc3[nH]c(=O)n(c23)C(C)C1,0,train
CCc1ccc(Oc2cncc3sc(C(N)=O)cc23)cc1,1,train
COc1ccc2c(c1)c(CC(=O)O)c(C)n2C(=O)c1ccc(Cl)cc1,0,train
CC(C)(O)CC[C@H](C[C@H](O)[C@H](Cc1ccccc1)NC(=O)c1cnc2ccccc2n1)C(N)=O,1,train
N[C@@]1(C(=O)O)CCC[C@@H](P(=O)(O)O)C1,0,train
N#CC(C#N)=Cc1ccc(N2CCOCC2)cc1,0,train
COc1c(C)c2c(c(O)c1CCOP(=O)(O)CP(=O)(O)OCCc1c(O)c3c(c(C)c1OC)COC3=O)C(=O)OC2,0,train
CC/C(=N\N=C(/S)Nc1ccccc1)c1cccc(Br)c1,1,train
CCN(CC)C(=O)c1ccc(C(c2ccccc2)C2CCNCC2)cc1,1,train
CC(C)C[C@H](NC(=O)[C@H](CCCN=C(N)N)NC(=O)[C@H](Cc1ccc(F)cc1)NC(=O)[C@H](C)N)C(=O)N[C@@H](CCCN=C(N)N)C(N)=O,1,train
OCC1NC(CO)[C@H](O)[C@@H](O)[C@@H]1O,1,train
CNC(=O)c1cc2c(Oc3ccc(Cl)cc3)cncc2s1,1,train
COc1cc2c(c(OC)c1OC)-c1ccc(SC)c(=O)cc1[C@@H](NC(C)=O)CC2,1,train
O=C(Cc1ccc(Cl)c(Cl)c1)N1CCCCC1CN1CCC(O)C1,1,train
CCCCCCC(=O)N1CSC[C@H]1C(=O)N1CCCC1,1,train
COc1cccc(-n2nc(C(=O)Nc3cc(Cl)cc(Cl)c3)cc2C)c1,1,train
CC1(O)c2ccccc2C2=NCCN21,0,train
N#C/C(C(=O)Nc1ccc(C(F)(F)F)cc1)=C(/O)C1CCCC1,0,train
CONC(=O)Nc1ccc(-c2nc3n(Cc4c(F)cccc4F)cc(C(=O)OC(C)C)c(=O)n3c2CN(C)Cc2ccccc2)cc1,1,train
COc1ccc(-c2cc(Oc3ccc([N+](=O)[O-])cc3)nnc2-c2ccc(OC)cc2)cc1,1,train
CCN1CCC[C@H]1CNC(=O)c1c(OC)ccc(Cl)c1OC,1,train
NS(=O)(=O)Oc1ccc(Cl)cc1,0,train
N=C(N)N[C@@H](C(=O)NCC(=O)N1CCC(c2cc(-c3ccc(Cl)c(Cl)c3)[nH]n2)CC1)C1CCCCC1,0,train
Cc1nc(C)c2c(n1)N(Cc1ccc(-c3ccccc3-c3nn[nH]n3)cc1)CCC2,1,train
COc1ccc(S(=O)(=O)N2CCN(C(=O)c3cccs3)CC2C(=O)NO)cc1,1,train
NC(=O)c1csc([C@@H]2O[C@H](COP(=O)(O)CP(=O)(O)OC[C@@H]3O[C@H](n4cnc5c(N)ncnc54)[C@@H](O)[C@H]3O)[C@@H](O)[C@H]2O)n1,0,train
COc1c(O)cc(Cl)c(Nc2ccccc2CC(=O)O)c1Cl,0,train
CNC(=O)c1cc2c(Oc3ccc(/C=C/C(=O)NCCN(CCO)CCO)cc3)cncc2s1,1,train
O=c1oc(NC2NCCS2)nc2ccccc12,0,train
COc1cc(/C=C/c2cnc3nc(N)nc(N)c3c2)cc(OC)c1OC,1,train
NC(=O)[C@H](Cc1ccc(C(F)(F)P(=O)(O)O)cc1)NC(=O)[C@H](Cc1ccc(C(F)(F)P(=O)(O)O)cc1)NCc1cc(Br)cc(C2(C(F)(F)F)N=N2)c1,1,train
O=c1cc(N2CCOCC2)oc2c(-c3ccccc3)cccc12,1,train
COc1ccc(-n2nc(-c3ccncc3)c(-c3ccc(F)cc3)n2)cc1OC,1,train
Cc1cccc2c1C(O)=C1C(=O)C3C(O)=C(C(=O)NCN4CCN(C(=N)N=C(N)N)CC4)C(=O)[C@@H](N(C)C)[C@@H]3C[C@@H]1C2(C)O,1,train
Cc1cc(-c2c(O)nc3cc(Cl)c(C(=O)Nc4ncccn4)cc3c2OCC[C@@H]2CCN2)cc(C)c1C,1,train
c1ccc(-c2cnc(Nc3cnccn3)s2)cc1,1,train
CCCCC(=O)N[C@H]1CC(=O)NCCCC[C@@H](C(N)=O)NC(=O)[C@H](Cc2c[nH]c3ccccc23)NC(=O)[C@H](CCCN=C(N)N)NC(=O)[C@@H](Cc2ccccc2)NC(=O)[C@@H]2Cc3ccccc3CN2C1=O,1,train
COc1cc(C(=O)N2CCN(C(=O)c3cc(OC)c(OC)c(OC)c3)C(COC(=O)NCCC(C)C)C2)cc(OC)c1OC,1,train
C[n+]1ccc2c([nH]c3ccccc32)c1-c1ccccc1,0,train
CN(C)Cc1ccc(C2(O)c3ccccc3C3=NCCN32)cc1,1,train
O=C(O)C(=O)CC(=O)c1cccc(Cc2cccc(Cl)c2)c1,1,train
Oc1nc2cc3cc(OCCCc4nnnn4C4CCN(Cc5ccccc5)CC4)ccc3[nH]c-2n1,1,train
c1ccc(CCN2CCC(CCOC(c3ccccc3)c3ccccc3)CC2)cc1,1,train
Cc1cccc(NC(=O)Nc2ccc3cncnc3c2)c1,1,train
COC(=O)COc1cccn2c(Cc3ccccc3-c3ccccc3)c(C)c(C(=O)C(N)=O)c12,1,train
O=C(O)CNS(=O)(=O)c1ccccc1[N+](=O)[O-],0,train
Cc1nc(C=O)c2c(n1)N(Cc1ccc(-c3ccccc3-c3nn[nH]n3)cc1)C(=O)CC2,1,train
CSCC[C@H](NC(=O)[C@H](Cc1c[nH]c2ccccc12)NC(=O)[C@@H](NC(=O)[C@@H](N)CS)C(C)C)C(=O)O,1,train
Nc1ncnc2c1cnn2[C@@H]1C=C[C@@H](O)[C@H]1O,0,train
CCOC(=O)c1cc2c(cn1)sc1ccccc12,1,train
COc1ccc(S(=O)(=O)N2CCN(C(=O)NCc3ccccc3)CC2C(=O)NO)cc1,1,train
O=C(/C=C/c1ccc(O)c(O)c1)O[C@H](Cc1ccc(O)c(O)c1)C(=O)O,1,train
CC(C)(C)NC[C@H](O)CON=C1c2ccccc2-c2ccccc21,1,train
CC(C)(C)NCC(O)CON=C1c2ccccc2-c2ccccc21,1,train
O=C(O)Cc1cccc(-c2cc(CCCCc3ccc(O[C@H]4O[C@H](CO)[C@@H](O)[C@@H](O)[C@@H]4O)c(-c4cccc(CC(=O)O)c4)c3)ccc2O[C@H]2O[C@H](CO)[C@@H](O)[C@@H](O)[C@@H]2O)c1,0,train
CCCCC1Nc2ccc(CC)cc2C(=O)N1Cc1ccc(-c2ccccc2-c2nn[nH]n2)cc1,1,train
CCC(C)(C)c1cc(/C(C)=C(F)\C=C\C(C)=C\C(=O)O)c(OCC(F)F)c(C(C)(C)CC)c1,1,train
Cc1nc2cc(OC[C@H](O)CN3CCN(CC(=O)N[C@@H](C)c4ccccc4)CC3)ccc2s1,1,train
N#CC(C#N)=C(N)/C(C#N)=C/c1ccc(O)cc1,1,train
Cc1ccccc1/N=C1/C(=O)c2cncnc2C(O)=C1Cl,1,train
O=C1CCN(C(=O)Cc2ccc(Cl)c(Cl)c2)C(CN2CCCC2)C1,1,train
COc1ccc(S(=O)(=O)C2(C(=O)NO)CCN(CCCOc3ccccc3)CC2)cc1,1,train
O=S(=O)(O)c1cc(O)c2c(ccc3[nH]c(-c4ccc5ccccc5c4O)nc32)c1,1,train
CC(C)(C)OC(=O)N1Cc2[nH]c3ccccc3c2CC1C(=O)N[C@H]1CCCN2C(=O)N(Cc3ccccc3)C(=O)C[C@@H]12,1,train
O=C(Nc1ccc(F)cc1F)Nc1cnc2ccc(Cl)cc2c1-c1ccccc1Cl,1,train
O=C(O)COc1c(F)cc(SCCNS(=O)(=O)c2ccc(Cl)cc2)cc1F,1,train
c1ccc(Nc2ncc(-c3ccccc3)s2)cc1,1,train
COc1c[n+](C)c(C)c2[nH]c3ccccc3c12,0,train
Cc1ccc(C(=O)Nc2ccc(S(=O)(=O)O)c3cc(S(=O)(=O)O)cc(S(=O)(=O)O)c23)cc1NC(=O)c1cccc(NC(=O)Nc2cccc(C(=O)Nc3cc(C(=O)Nc4ccc(S(=O)(=O)O)c5cc(S(=O)(=O)O)cc(S(=O)(=O)O)c45)ccc3C)c2)c1,1,train
COCCN(CCOC)C(=O)N1CCN(S(=O)(=O)c2ccc(Br)cc2)C(C(=O)NO)C1,1,train
C[C@@H](N)Cc1c2c(c(Br)c3c1OCC3)OCC2,1,train
C/C(=N\NC(N)=O)c1cccc(Cl)c1,1,train
Cc1ccccc1N1N=C(c2c(-c3ccc(F)cc3Cl)nc3ccccn23)CCC1=O,1,train
COc1ccc2[nH]cc(C3=CCN(CCCN4c5cccc6cccc(c56)S4(=O)=O)CC3)c2c1,1,train
O=C(O)CC1CCc2cc(NC(=O)/C=C/C3CCNCC3)ccc2C1=O,1,train
CCCCCCCC(=O)N1CCC[C@H]1C(=O)N1CCCC1,1,train
Nc1nc(N)c2nc(CNc3ccc(C(=O)N[C@@H](CC(F)C(=O)O)C(=O)O)cc3Cl)cnc2n1,0,train
CN1CCCC1CCN1C(=O)c2cccc3cc4ccccc4c(c23)C1=O,1,train
COC(=O)NC(C(=O)NN(Cc1ccc(OC)cc1)C[C@H](O)[C@H](Cc1ccccc1)NC(=O)[C@H](CC(N)=O)NC(=O)c1ccc2ccccc2n1)C(C)C,1,train
COc1ccc(-c2cc(Oc3ccccc3)nnc2-c2ccc(OC)cc2)cc1,1,train
Cc1[nH]c([C@@H](Cc2cn(C)c3ccccc23)NC(=O)[C@H](CC(C)C)OC(=O)NC2CCCCC2)nc1C(=O)O,1,train
CCCOCC(Cc1ccc(F)cc1)Nc1nc2cc(C(C)C)ccc2o1,1,train
CC(C)[C@H](NC(=O)[C@@H](N)CS)C(=O)N[C@@H](Cc1ccccc1)C(=O)N[C@@H](Cc1ccccc1)C(=O)O,1,train
OC1(c2ccccc2)c2ccccc2C2=NCCCN21,1,train
O=C([C@H]1CCCN1C(=O)c1cccc(C(=O)N2CCC[C@H]2C(=O)N2CCCCCC2)c1)N1CCCC1,1,train
CCCC(CCC)CN1CCC(n2nnnc2CCCOc2ccc3[nH]c4nc(O)nc-4cc3c2)CC1,1,train
CC(C)c1cc(CN(C)Cc2ccccc2)cc(C(C)C)c1O,1,train
COc1ccc2c(Cc3c(Cl)c[n+]([O-])cc3Cl)nnc(-c3nccs3)c2c1,1,train
CCC[C@@H](C(=O)NO)[C@H]1CCN(c2ccc(OCc3cc(C)nc4ccccc34)cc2)C1=O,1,train
OC1(c2ccccc2F)c2ccccc2C2=NCCCN21,1,train
C/C(C#Cc1ccccc1)=C\CO/N=C1\CN2CCC1C2,1,train
CC/C(=N\N=C(/S)NC)c1cccc(Br)c1,1,train
N=C(N)N[C@@H](C(=O)NCC(=O)N1CCC(c2cc(-c3ccccc3)[nH]n2)CC1)C1CCCCC1,0,train
CC/C(=N\N=C(\N)S)c1ccccc1,1,train
CN(C)CCNc1c(-c2ccccc2)c(O)nc2cc(Cl)ccc12,1,train
CC(C)C(NC(=O)C[C@@H]1O[C@@H]1[C@H](Cc1ccccc1)NC(=O)[C@H](CC(N)=O)NC(=O)c1ccc2ccccc2n1)C(C)C,1,train
CC(C)C[C@H](NC(=O)[C@H](C)N)C(=O)N[C@@H](Cc1ccc(O)cc1)C(=O)N[C@@H](C)C(=O)N[C@@H](CO)C(=O)N[C@@H](CCCN=C(N)N)C(=O)N[C@@H](CC(C)C)C(=O)N[C@@H](CO)C(N)=O,0,train
C/C(=C\COP(=O)(O)OP(=O)(O)O)CC/C=C(\C)COC(=O)c1cccc(C(=O)c2ccccc2)c1,1,train
CC1=C(C)Cc2c(-c3ccccc3)[nH]c(-c3ccccc3)c2C1,1,train
CC(C)NCC(O)COc1ccccc1Cc1ccccc1,1,train
Cc1[nH]c([C@@H](Cc2cn(C)c3ccccc23)NC(=O)[C@H](CC(C)C)N(C)C(=O)NC2CCCCC2)nc1C(=O)O,1,train
C[n+]1ccccc1CCC(O)CCl,0,train
Clc1cccc(Cl)c1NC1=NCCN1,1,train
COc1ccc(/N=C2/C(=O)c3cncnc3C(O)=C2Cl)c(OC)c1,1,train
CCOC(=O)c1cn(Cc2c(F)cccc2F)c2nc(-c3ccc(NC(=O)C(C)C)cc3)c(CN(C)Cc3ccccc3)n2c1=O,1,train
O=C(CC1NCCc2ccccc21)NNC(=O)N[C@H](Cc1c[nH]c2ccccc12)C(=O)NCCc1ccccc1,1,train
c1cc(-c2ccc3[nH]c(-c4ccc5[nH]c(-c6ccc7[nH]cnc7c6)nc5c4)nc3c2)ccn1,1,train
O=C1CCC(c2c(-c3ccc(F)cc3F)nc3ccccn23)=NN1c1c(Cl)cccc1Cl,1,train
CC1=CC(C)(C)Nc2ccc3c(c21)/C(=C/c1ccccc1C#N)Oc1ccc(F)cc1-3,1,train
COc1cc(C)cc2c1Oc1ccc([C@@H](O)CC(C)C)c(OC)c1C(=O)OC2,0,train
COc1ccc(-c2cc(Sc3ccccc3)nnc2-c2ccc(OC)cc2)cc1,0,train
COC(=O)[C@@H]1NC(=O)C2NC(=O)C(NC(=O)C(NC(=O)OC(C)(C)C)c3cc(Oc4ccc(CC(NC(=O)OCc5ccccc5)C(=O)O)cc4Cl)c(O)c(c3)Oc3ccc(cc3Cl)C2O)c2ccc(O)c(c2)-c2c1cc(O)c(CNC1C3CC4CC(C3)CC1C4)c2O,0,train
COc1cc(C/N=C(\S)NCC(COC(=O)C(C)(C)C)Cc2ccc(C)c(C)c2)ccc1NS(C)(=O)=O,1,train
CCCCC(=O)N[C@@H]1CC(=O)NCCCC[C@@H](C(N)=O)NC(=O)[C@H](Cc2c[nH]c3ccccc23)NC(=O)[C@@H](CCCN=C(N)N)NC(=O)[C@H](Cc2ccccc2)NC(=O)C2(CCc3c(cccc3OCC)C2)NC1=O,1,train
Fc1cccc(CCC2(F)CCN(CCCc3c[nH]c4ccc(-n5cnnc5)cc34)CC2)c1,1,train
CCOc1nn(-c2cccc(OCc3ccccc3)c2)c(=O)o1,1,train
Cc1ccc(CN2CCC(C(=O)NO)(S(=O)(=O)c3ccc(OCc4ccc(Cl)cc4)cc3)CC2)cc1,1,train
CC[C@@H]1COC[C@@H]1Cc1cncn1C,1,train
C[C@H](Nc1nccc(-c2cc(N(C)C)nnc2-c2cccc(C(F)(F)F)c2)n1)c1ccccc1,1,train
CNC(=O)c1cc2c(Oc3ccc(COC)cc3)cncc2s1,1,train
NC(=O)C(C[C@H](O)[C@H](Cc1ccccc1)NC(=O)c1cnc2ccccc2n1)C1CCOCC1,1,train
CCC(=O)C1C(C2CCCCC2)CC2CCC1N2C,1,train
OC1(c2ccc(Cl)cc2)c2ccc3ccccc3c2C2=NCCN21,1,train
COC(=O)[C@H](Cc1ccc(C#Cc2ccccc2)cc1)NC(=O)CNC(=O)[C@@H]1CCCN1C(=N)N,0,train
Cc1cn([C@H]2C[C@H](N=[N+]=[N-])[C@@H](CO)O2)c(=O)[nH]c1=O,1,train
CCCC[C@H](N[C@@H](Cc1ccccc1)C(=O)N1CCC(OCOC)CC1)C(=O)N[C@@H](CC1CCCCC1)[C@@H](O)C[C@H](C(=O)NCCCN(C)C)C(C)C,1,train
O=C([C@@H]1CCCN1C(=O)CCCc1ccccc1)N1CCCC1,1,train
O=[N+]([O-])c1cccc([C@H]2CC3[C@H]4Cc5ccc(O)c6c5[C@@]3(CCN4C3CC3)[C@@H](O6)[C@H]2O)c1,1,train
COC(=O)[C@@H]1C2CC[C@H](C[C@H]1c1ccc(-c3ccccc3)cc1)N2C,1,train
OC1(c2ccc(Cl)c(Cl)c2)c2ccccc2C2=NCCN21,1,train
COC(=O)N(C)C(C(=O)N[C@@H](Cc1ccccc1)[C@H](O)CN(CC1CCCCC1)NC(=O)C(C(C)C)N(C)C(=O)OC)C(C)C,1,train
CNC(=O)N1C(=O)C[C@H]1OC(C)=O,0,train
CC[C@H](NC(=O)[C@H](CC1CCCCC1)NC(=O)[C@@H](NC(=O)[C@H](CC(C)C)NC(=O)c1cnccn1)[C@@H](C)CC)C(=O)C(=O)N1CCCC1,0,train
CCOC(=O)C(Cc1ccc(Br)cc1)Nc1nc2ccccc2s1,1,train
O=C(Nc1ccc(F)cc1F)N(CCCCCSc1nc(-c2ccccc2)c(-c2ccccc2)[nH]1)c1ccccn1,1,train
CNc1nc(Br)cn2cc(C#N)nc12,0,train
NC(=O)c1cc2c(Oc3cccc(C(F)(F)F)c3)cncc2s1,1,train
O=C(Cc1ccc(C(=O)O)nc1)NS(=O)(=O)c1ccccc1,0,train
O=C(CO)[C@H]1CCCN1C(=O)[C@@H]1CCCN1C(=O)c1cccc(C(=O)N2CCC[C@@H]2C(=O)C2CCCC2)c1,1,train
O=C1C(Nc2ccc(Br)cc2)=C(Cl)C(=O)c2ncncc21,1,train
Cc1ccccc1/C=C/C(=O)N[C@@H](C)c1nc2scc(C)c2c(=O)o1,0,train
C#CCN(Cc1cnc2nc(N)nc(N)c2c1C)c1cc(OC)c(OC)c(OC)c1,1,train
COC(=O)C1=C(C)NC(C)=C(C(=O)OC)C1c1ccccc1[N+](=O)[O-],1,train
CCCN(CCC)C(=O)OCC1CN(C(=O)c2cc(OC)c(OC)c(OC)c2)CCN1C(=O)c1cc(OC)c(OC)c(OC)c1,1,train
C=C[C@@H]1C2CCC(C[C@@H]1c1ccc(Cl)cc1)N2C,1,train
COC(=O)[C@H](Cc1ccc(C#Cc2ccccc2)cc1)NC(=O)CNC(=O)[C@@H](CCC(N)=O)N=C(N)N,0,train
COc1cc2c(c(OC)c1OC)-c1ccc(OC)c(=O)cc1[C@@H](NC(C)=O)CC2,1,train
CCOC(=O)c1cn(Cc2c(F)cccc2F)c2nc(-c3ccc(NC(=O)c4ccccc4)cc3)c(CN(C)Cc3ccccc3)n2c1=O,1,train
CCCCN1CCC(=C(c2ccccc2)c2ccc(C(=O)N(CC)CC)cc2)CC1,1,train
COCCOCn1c(Sc2ccccc2)c(C)c(=O)[nH]c1=O,1,train
C/C(=C/C=C/C(C)=C/C(=O)O)c1cc(-c2ccco2)cc(C(C)C)c1OCC(F)F,1,train
O=C(NO)[C@H]1CCC[C@@H]1C(=O)Nc1ccc(COc2ccnc3ccccc23)cc1,0,train
CC(C)C1=CC(=O)C(=O)c2ccccc21,0,train
O=C(O)c1cccn2c(=O)c3ccccc3nc12,0,train
CNCC(=O)N[C@@H](CCCN=C(N)N)C(=O)N[C@H]1CCC(=O)NCCCC[C@@H](C(=O)N[C@@H](Cc2c[nH]cn2)C(=O)N2CCC[C@H]2C(=O)N[C@H](Cc2ccccc2)C(=O)O)NC(=O)[C@H](Cc2ccc(O)cc2)NC1=O,1,train
O=C1NC2C(=O)NC3C(=O)NC4C(=O)NC(C(=O)N[C@@H](C(=O)O)c5cc(O)cc(O)c5-c5cc4ccc5O)C(O)c4ccc(c(Cl)c4)Oc4cc3cc(c4O)Oc3ccc(cc3Cl)CC1NC(=O)C(/N=C(\S)Nc1ccccc1)c1ccc(O)c(c1)Oc1cc(O)cc2c1,0,train
CCCC(C)N(CC(=O)NO)C(=O)CN(CCCc1ccccc1)C(=O)Nc1ccc(Oc2ccccc2)cc1,0,train
CNc1c(C(C)C)cc(CN2CCOCC2)cc1C(C)C,0,train
O=C([O-])c1cc(=O)c2c(OCC(O)COc3cccc4oc(C(=O)[O-])cc(=O)c34)cccc2o1,1,train
CCCCCc1c(CC)c(C(=O)C(N)=O)c2c(OCC(=O)O)cccn12,1,train
COc1ccc(S(=O)(=O)N2CCN(C(=O)c3ccco3)CC2C(=O)NO)cc1,1,train
Nc1ccccc1NC(=O)c1ccc(CNC(=O)OCc2cccnc2)cc1,1,train
Cc1c(COc2cccc(Cl)c2)cc(-c2ccc(S(C)(=O)=O)cc2)n1-c1ccc(F)cc1,1,train
O=c1cc(-c2ccc(O)c(O)c2)oc2cc(O)cc(O)c12,1,train
CCCc1ccc2c(c1)c(OC)cc1nc(C(=O)c3ccccc3)cn12,1,train
CCCC[C@H](O[C@@H](Cc1ccccc1)C(=O)N1CCC(OCOC)CC1)C(=O)N[C@@H](CC1CCCCC1)[C@@H](O)C[C@H](NC(=O)OCc1ccccc1)C(C)C,1,train
COc1ccc(C#C/C(C)=C\CO/N=C2\CN3CCC2C3)cc1OC,1,train
COc1ccc(C#C/C(C)=C\CO/N=C2/CN3CCC2C3)cc1OC,1,train
O=c1c(Cc2ccccc2)c(Cc2ccc(O)cc2)oc2cc(O)ccc12,0,train
O=C(O)c1ccc2nccc(=O)n2c1,0,train
CC(=O)C1C(c2ccc(C)cc2)CC2CCC1N2C,1,train
CC(C)C[C@@H](N=C(N)N)C(=O)NCC(=O)N1CCC(c2cc(-c3ccc(O)c(Cl)c3Cl)nn2C)CC1,1,train
COc1ccc(S(=O)(=O)N2CCN(C(=O)OCc3cccnc3)CC2C(=O)NO)cc1,1,train
OC(c1ccc(Cl)cc1)c1ccccc1C1=NCCN1,1,train
O=C1C=C(c2c[nH]c3ccccc23)c2ccccc2C1=O,1,train
C/C(=N\C1CCCCC1)NC12CC3CC(CC(C3)C1)C2,1,train
NC(Cc1cnnn1O)C(=O)O,0,train
CCc1c(-c2ccccc2)c(O)nc2cc(Cl)ccc12,0,train
CN(C)CCCN(C(=O)c1cc2ccccc2s1)c1ccccc1SCc1ccccc1,1,train
NS(=O)(=O)c1ccc2c(O)c(C(=O)O)cnc2c1,0,train
NCCc1cc(O)c(O)cc1N,1,train
O=S1(=O)c2cccc3cccc(c23)N1CCN1CCC(CCc2c[nH]c3ccc(F)cc23)CC1,1,train
CCCCC(=O)N[C@@H]1CC(=O)NCCCC[C@@H](C(N)=O)NC(=O)[C@H](Cc2c[nH]c3ccccc23)NC(=O)[C@@H](CCCN=C(N)N)NC(=O)[C@H](Cc2ccccc2)NC(=O)C2(CCc3c(Br)cccc3C2)NC1=O,1,train
Cc1cc(C(=O)N2CCOCC2)[nH]c1/C=C1\C(=O)Nc2ncnc(Nc3ccc(F)c(Cl)c3)c21,1,train
C/N=N/Nc1ccc2ncnc(N(C)c3ccccc3)c2c1,1,train
NC(Cc1onc(O)c1Br)C(=O)O,1,train
Cc1ccccc1NC(=O)Nc1ccc2cnccc2c1,1,train
CCC1CN2CCC1CC2[C@H](O)c1cc(-c2ccc3c(c2)OCO3)nc2ccc(OC)cc12,0,train
COc1ccc(-c2ccc3c(c2)OCO3)c(OC)c1OC,0,train
O=C(O)CN(c1ccccc1)S(=O)(=O)c1ccc(Cl)cc1,0,train
NC1C(=O)NC2Cc3ccc(c(Cl)c3)Oc3cc4cc(c3O)Oc3ccc(cc3Cl)C(O)C3NC(=O)C(NC(=O)C4NC(=O)C(NC2=O)c2cc(O)cc(c2)Oc2cc1ccc2O)c1ccc(O)c(c1)-c1c(O)cc(O)cc1[C@H](C(=O)C1NCCC2CCCCC21)NC3=O,0,train
Cn1c2ccccc2c2[nH]cc3nc4ccccc4c-3c21,1,train
CCCCC/C=C/C(=O)N1CCC[C@H]1C(=O)N1CCCC1,1,train
N#Cc1ccc2oc(NC(CC3CCCCC3)c3ccccc3)nc2c1,1,train
O=C(O)/C=C/c1ccc(C(=O)O)nc1,0,train
NC(=O)c1cc2c(Oc3ccc(C(F)(F)F)cc3)cncc2s1,1,train
COc1cc(C)cc2c1Oc1ccc([C@H](CC(C)C)OC(C)=O)c(OC)c1C(=O)OC2,0,train
O=C1C[C@H](NC(=O)[C@@H]2CS[C@H]3CC[C@H](NC(=O)OCc4ccccc4)C(=O)N32)C(O)O1,0,train
NC(=O)c1cc2c(Oc3ccc(COC4CCCCO4)cc3)cncc2s1,1,train
COC(=O)N[C@H](C(=O)N[C@@H](Cc1ccccc1)C(O)CN(Cc1ccc(F)cc1)NC(=O)[C@@H](NC(=O)OC)C(C)C)C(C)C,1,train
NC(=O)C(C[C@H](O)[C@H](Cc1ccccc1)NC(=O)c1cnc2ccccc2n1)C1(O)CCCCC1,1,train
COc1ccc(CN(C[C@H](O)[C@H](Cc2ccccc2)NC(=O)[C@H](CC(N)=O)NC(=O)c2ccc3ccccc3n2)NC(=O)C(NC(=O)OCc2ccccc2)C(C)C)cc1,1,train
COc1ccc(NC(=O)N2CCN(c3ccc(C)cc3C)CC2)cc1N1CCN(C)CC1,1,train
C=Cc1[nH]cc(OC)c2c3ccccc3nc1-2,1,train
CC[C@H](NC(=O)[C@H](CC1CCCCC1)NC(=O)[C@@H](NC(=O)[C@H](CC(C)C)NC(=O)c1cnccn1)[C@@H](C)CC)C(=O)C(=O)NCCC(=O)O,0,train
CCCCN(CCCC)C(=O)OCC1CN(C(=O)c2cc(OC)c(OC)c(OC)c2)CCN1C(=O)c1cc(OC)c(OC)c(OC)c1,1,train
C=C(Br)C(=O)Nc1cc(C(=O)Nc2cc(C(=O)Nc3cc(C(=O)NCCC(=N)N)n(C)c3)n(C)c2)n(C)c1,1,train
CCCCC(=O)N[C@@H]1CC(=O)NCCCC[C@@H](C(N)=O)NC(=O)[C@H](Cc2c[nH]c3ccccc23)NC(=O)[C@@H](CCCN=C(N)N)NC(=O)[C@H](Cc2ccccc2)NC(=O)C2(CCc3c(Cl)cccc3C2)NC1=O,1,train
COc1cc(C(=O)N2CCN(C(=O)c3cc(OC)c(OC)c(OC)c3)C(COC(C)=O)C2)cc(OC)c1OC,1,train
CC(C)Oc1cccc(-n2c(CCc3c[nH]c4ccc(Br)cc34)nc3ccccc3c2=O)c1,1,train
CC1CN(C(=N)S)N=C1c1cccc(Cl)c1,1,train
COc1ccc([C@H](Cc2ccncc2)c2cccc(NC(=O)N3CCCC3)c2)cc1OC1CCCC1,1,train
O=C(N/N=C/c1ccc(Cl)cc1)NC(Cc1c[nH]c2ccccc12)C(=O)NCCc1ccccc1,1,train
CCCC[C@H](NC(=O)[C@H](Cc1ccccc1)NC(=O)[C@@H](NC(=O)CCNC(=O)[C@H](CC(C)C)NC(=O)[C@H](Cc1c[nH]cn1)NC(=O)[C@H](Cc1ccccc1)NC(=O)[C@@H]1CCCN1C(=O)[C@H](N)Cc1ccc(O)cc1)C(C)C)C(=O)O,1,train
CCOCn1c(Sc2ccccc2)c(C)c(=O)[nH]c1=O,1,train
COc1ccc(S(=O)(=O)N2CCN(C(=O)c3ccc(-c4ccccc4)cc3)CC2C(=O)NO)cc1,1,train
N#CC(C#N)=Cc1cc(O)ccc1[N+](=O)[O-],0,train
CCOC(=O)c1nc2c(O)nc3cc(C(F)(F)F)c(-n4ccc(C(=O)O)c4)cc3n2n1,0,train
CCCCC/C=C(\C)C(=O)N1CCC[C@H]1C(=O)N1CCCC1,1,train
CC(=O)COc1c(-c2ccccc2)c(O)nc2cc(Cl)ccc12,1,train
CNC(=O)c1cc2c(Oc3ccc(-c4noc(C(F)(F)F)n4)cc3)cncc2s1,1,train
COc1ccc(S(=O)(=O)C2(C(=O)NO)CCN(Cc3cccc(OC)c3)CC2)cc1,1,train
Cc1nc2cc(OC[C@H](O)CN3CCN(CC(=O)NC4CCCCC4)CC3)ccc2s1,1,train
COc1cccc2c1C(CCCN1CCN(c3ccccn3)CC1)=CCC2,1,train
Cc1cc(C(=O)Nc2cccc(Cl)c2)nn1-c1cccc(C(F)(F)F)c1,1,train
Cc1cc(COc2ccc(N3CC[C@H]([C@H](NC(=O)OC(C)(C)C)C(=O)NO)C3=O)cc2)c2ccccc2n1,1,train
CCc1c(C(=O)C(N)=O)c2c(OCC(=O)O)cccn2c1Cc1ccc2ccccc2c1,1,train
c1ccc(-c2cnc(Nc3ccccn3)o2)cc1,1,train
COc1ccc(-c2cc(Oc3c(F)cccc3F)nnc2-c2ccc(OC)cc2)cc1,1,train
CCCC[C@H](O[C@@H](Cc1ccccc1)C(=O)N1CCC(OCOC)CC1)C(=O)N[C@@H](CC1CCCCC1)[C@@H](O)C[C@H](C(=O)N(C)CCN(C)C)C(C)C,1,train
COc1ccc(-c2cc(Oc3cccc(C#N)c3)nnc2-c2ccc(OC)cc2)cc1,1,train
CCc1c(C(=O)C(N)=O)c2c(OCC(=O)O)cccn2c1Cc1ccccc1Cc1ccccc1,1,train
O=C1C=CN2c3ccccc3CCC2C1,1,train
CN(C(=O)n1nc(-c2ccc(Cl)cc2)nc1SCC(F)(F)F)c1ccccc1,1,train
COc1ccc(-c2cc(C3CCN(C(=O)CNC(=O)[C@@H](CC(C)C)N=C(N)N)CC3)n(C)n2)c(Cl)c1Cl,1,train
CC/C(=N\NC(N)=O)c1cccc(Br)c1,1,train
Cc1cc(C(=O)Nc2cc(Cl)cc(Cl)c2)nn1-c1cccs1,1,train
CN(C(=O)Nc1cnc2ccc(Cl)cc2c1-c1ccccc1)c1ccc(F)cc1F,1,train
CCCCc1ccc(CNC2C(Oc3c4cc5cc3Oc3ccc(cc3Cl)C(O)C3NC(=O)C(NC(=O)C5NC(=O)C5NC(=O)C(Cc6ccc(cc6)O4)NC(=O)C(NC)c4ccc(O)c(c4)Oc4cc(O)c(Cl)c5c4)c4ccc(O)c(c4)-c4c(cc(O)c(CN5CCN(Cc6ccc(-c7ccccc7)cc6)CC5)c4O)[C@H](C(=O)NCCCN(C)C)NC3=O)OC(C(=O)NCCCN(C)C)C(O)C2O)cc1,0,train
CC(=O)[C@H]1CCCN1C(=O)c1cccc(C(=O)N2CCC[C@H]2C(=O)N2CCC[C@@H]2C#N)c1,1,train
O=C(O)CCNC(=O)C(Cc1ccccc1)CP(=O)(O)OCCc1ccccc1,1,train
COC(=O)CCc1c(-c2ccccc2)c(O)nc2cc(Cl)ccc12,1,train
O=c1oc(Nc2nncs2)nc2ccccc12,0,train
N=C(N)N1CCC[C@H](NC(=O)CNC(=O)[C@@H](CNC(=O)c2cnccn2)NS(=O)(=O)Cc2ccccc2)C1O,1,train
Cn1ccnc1-c1ccccc1C(=O)c1ccc(Cl)cc1,1,train
CC[C@H](C)[C@H](NC(C#N)[C@H](Cc1ccc(O)cc1)NC(=O)C1CCCN1C(=O)[C@H](CCCN=C(N)N)NC(=O)[C@@H](N)CCCN=C(N)N)C(=O)N[C@@H](CC(C)C)C(=O)O,1,train
CCCCc1nn(-c2ccccc2C(F)(F)F)c(C(=O)OCC)c1Cc1ccc(-c2ccccc2-c2nn[nH]n2)cc1,1,train
CCOC(=O)N1CCC(S(=O)(=O)CCCCOc2ccc3[nH]c4nc(O)nc-4cc3c2)CC1,1,train
CC(C)CC[C@H](NS(=O)(=O)c1ccc(F)cc1)C(=O)N[C@@H](C=O)CC(C)C,1,train
CCOC(=O)c1cccc(Oc2cncc3sc(C(N)=O)cc23)c1,1,train
CCOC(=O)N1CCC(n2nnnc2CCCOc2ccc3[nH]c4nc(O)nc-4cc3c2)CC1,1,train
O=C1c2cccc3cc4ccccc4c(c23)C(=O)N1c1cccnc1,1,train
NS(=O)(=O)Oc1cccc(-n2ccnc2)c1,1,train
C=CCc1cc(C(=O)CCC)ccc1OCCCNC(C)C,1,train
NC(=O)[C@H](Cc1ccc(C(F)(F)P(=O)(O)O)cc1)NC(=O)[C@H](Cc1ccc(C(F)(F)P(=O)(O)O)cc1)NC(=O)c1cc(I)cc(C2(C(F)(F)F)N=N2)c1,0,train
CCCCC(=O)N[C@@H]1CC(=O)NCCCC[C@@H](C(N)=O)NC(=O)[C@H](Cc2c[nH]c3ccccc23)NC(=O)[C@@H](CCCN=C(N)N)NC(=O)[C@H](Cc2ccccc2)NC(=O)C2(CCc3c(cccc3OC(C)C)C2)NC1=O,1,train
CNC(=O)c1cc2c(Oc3ccc(-c4ccco4)cc3)cncc2s1,1,train
C=CCN1CCc2c(cc(O)c(O)c2F)C(c2ccc(O)cc2)C1,1,train
CNCCN1C(=O)c2cccc3cc4ccccc4c(c23)C1=O,1,train
O=C(O)CCNC(=O)C(Cc1ccc(-c2ccccc2)cc1)NCP(=O)(O)OCc1ccccc1,1,train
O=C(Cc1ccc(Cl)c(Cl)c1)N1CCCCC1CN1CC=CC1,1,train
NC(CCc1nc2ccccc2n1CP(=O)(O)O)C(=O)O,1,train
O=C([O-])Cc1cc(F)ccc1Nc1c(Cl)cc(F)cc1Cl,0,train
COc1ccc(-c2cccc(CN3CCN(c4ncccn4)CC3)c2)cc1,1,train
NCC(=O)N[C@@H](CCCN=C(N)N)C(=O)N[C@@H]1CSSC[C@H](C(=O)N[C@@H](Cc2c[nH]cn2)C(=O)N2CCC[C@@H]2C(=O)N[C@@H](Cc2ccccc2)C(=O)O)NC(=O)[C@@H](Cc2ccc(O)cc2)NC1=O,1,train
N=C(N)Nc1ccc(C(=O)Oc2ccc3cc(C(=N)N)ccc3c2)cc1,1,train
N#C/C(C(=O)Nc1ccc(N)cc1)=C(/O)C1CC1,0,train
COc1ccc([C@H](Cc2ccncc2)c2ccsc2)cc1OC1CCCC1,1,train
Nc1ncnc2c1ncn2[C@@H]1O[C@H](COP(=O)(O)OP(=O)(O)OP(=O)(O)O)[C@@H](O)[C@H]1OC(=O)c1ccc(-c2ccccc2)cc1,1,train
N#C/C(C(=O)Nc1ccncc1)=C(/O)C1CC1,1,train
CCN(CC)C(=O)c1ccc(C(=C2CCNCC2)c2ccccc2OC)cc1,1,train
CC(C)CCn1cc2c(nc(NC(=O)Cc3ccccc3)n3nc(-c4ccco4)nc23)n1,1,train
CC1=CC(C)(C)Nc2ccc3c(c21)/C(=C/c1ccsc1)Oc1ccc(F)cc1-3,1,train
O=C(Nc1nccs1)C1CCN(C(=O)Cn2c(=O)sc3ccc(Cl)cc32)CC1,1,train
Fc1ccc(C(OCCN2CCN(CCCc3ccccc3)CC2)c2ccc(F)cc2)cc1,1,train
OC1CN=C2c3ccccc3C(O)(c3ccc(Cl)cc3)N2C1,1,train
COc1cc(/C=C(\C#N)C(=O)O)cc(OC)c1O,0,train
CCCCC1(CCCC)Nc2ccccc2C(=O)N1Cc1ccc(-c2ccccc2-c2nn[nH]n2)cc1,0,train
O=C(O)/C=C/c1ccc(O)cc1,0,train
Cc1ncc(COP(=O)(O)O)c(C=O)c1O,0,train
CCCNc1ccc(C(=O)N2CCCCc3ccccc32)c(Cl)c1,1,train
CCCCC(=O)N[C@@H]1CC(=O)NCCCC[C@@H](C(N)=O)NC(=O)[C@H](Cc2c[nH]c3ccccc23)NC(=O)[C@@H](CCCN=C(N)N)NC(=O)[C@H](Cc2ccccc2)NC(=O)[C@@H](Cc2c[nH]cn2)NC1=O,1,train
O=C(O)Cc1ccc(C(=O)O)nc1,1,train
CSc1nc2nc(C(=O)c3ccccc3)cn2c2c1CCCC2,1,train
CC(C)c1cc(CN2CCOCC2)cc(C(C)C)c1O,0,train
Cc1cc(Cl)ccc1NC(=O)/C(C#N)=C(\O)C1CC1,1,train
Cc1ccnc2c1NC(=O)c1cccnc1N2C1CC1,0,train
Cc1cc(Cl)cc2c(-c3ccccc3Cl)c(NC(=O)Nc3ccc(F)cc3F)cnc12,1,train
CCc1c(OC)nc2nc(C(=O)c3ccccc3)cn2c1C,1,train
NS(=O)(=O)OCCOc1cccc(-n2ccnc2)c1,1,train
NCCCn1c2c(c3ccccc31)C(=O)CN1CCCCC21,0,train
CCc1c(C(=O)C(N)=O)c2c(OCc3ccc4ccccc4n3)cccn2c1Cc1ccccc1-c1ccccc1,0,train
COC(=O)[C@H](CC1CCCCC1)Nc1nc2ccccc2o1,1,train
O=C(N[C@H](C(=O)O)c1ccccc1)C(Cc1ccc(-c2ccccc2)cc1)NCP(=O)(O)O,1,train
COc1c([C@H](CC(C)C)OC(C)=O)ccc2c1C(=O)OCc1cc(C)cc(O)c1O2,1,train
CCCC[C@H](O[C@@H](Cc1ccccc1)C(=O)N1CCC(OCOC)CC1)C(=O)N[C@@H](CC1CCCCC1)[C@@H](O)C[C@H](C(=O)NCCCN1CCOCC1)C(C)C,1,train
O=C1C[C@H](Cc2ccccc2)N1C(=O)NCCc1ccccc1,0,train
CCCCOc1ccc(S(=O)(=O)C2(C(=O)NO)CCN(Cc3ccc(Cl)c(Cl)c3)CC2)cc1,1,train
CC(C)C[C@H](NC(=O)[C@H](CC(C)C)NC(=O)[C@H](Cc1ccccc1)NC(=O)[C@@H](N)CO)C(=O)N[C@@H](CCCN=C(N)N)C(=O)N[C@@H](CC(N)=O)C(=O)N1CCC[C@H]1C(=O)N[C@@H](CC(N)=O)C(=O)N[C@@H](CC(=O)O)C(=O)N[C@@H](CCCCN)C(=O)O,1,train
CCCCCNc1ccc(C(=O)N2CCCCc3ccccc32)c(Cl)c1,1,train
Cc1csc2nc([C@H](C)NC(=O)C=C(c3ccccc3)c3ccccc3)oc(=O)c12,1,train
CCOC(=O)N1Cc2c(OC)nc3nc(C(=O)c4ccccc4)cn3c2C1,1,train
CCOC(=O)Cn1c2cc(OC)ccc2c2cc[n+]3nc(CC)c(CC)cc3c21,1,train
Cc1ccc(Nc2nc(O)c3c[nH]nc3n2)cc1Cl,0,train
O=CC(=O)c1[nH]c2ccccc2c1NC1C(=O)NC2Cc3ccc(c(Cl)c3)Oc3cc4cc(c3O)Oc3ccc(cc3Cl)C(O)C3NC(=O)C(NC(=O)C4NC(=O)C(NC2=O)c2cc(O)cc(c2)Oc2cc1ccc2O)c1ccc(O)c(c1)-c1c(O)cc(O)cc1[C@H](C(=O)O)NC3=O,0,train
Cn1nc(-c2cccc(Cl)c2Cl)cc1C1CCN(C(=O)CNC(=O)[C@H](N=C(N)N)C2CCCCC2)CC1,0,train
COc1ccc(C(=O)c2coc(S(N)(=O)=O)c2)cc1,1,train
CCCCCCCCc1ccc(Oc2cncc3sc(C(N)=O)cc23)cc1,1,train
CONC1C[C@H](C(=O)NO)N(S(=O)(=O)c2ccc(OC)cc2)C1,1,train
N=C(N)c1ccc(CNC(=O)[C@@H]2CCC[C@H]2C(=O)NC2CCCCC2)cc1,1,train
CC(C)c1cccc(C(C)C)c1O,0,train
CC1C(c2cccc(Cl)c2Cl)=NN=C1C1CCN(C(=O)CNC(=O)[C@H](N=C(N)N)C2CCCCC2)CC1,0,train
CCCCCn1c2cc(OC)ccc2c2cc[n+]3nc(C)c(C)cc3c21,1,train
O=C(O)CN(c1ccccc1)S(=O)(=O)c1ccc(NC(=O)c2ccccc2)cc1,1,train
O=C(NCc1ccccc1)Nc1ccc2cnccc2c1,1,train
O=C(O)CNS(=O)(=O)c1ccc(NC(=O)c2ccccc2)cc1,1,train
COC(=O)[C@@H]1C2CC[C@H](C[C@H]1OC(=O)c1ccc3ccccc3c1)N2C,1,train
CCc1c(O)nc(C)c2cc(OC)c(OC)cc12,1,train
CCCCc1ncc(/C=C(\Cc2cccs2)C(=O)O)n1Cc1ccc(C(=O)O)cc1,1,train
Cc1ccsc1/C=C/C(=O)N[C@@H](C)c1nc2scc(C)c2c(=O)o1,1,train
CCOC(=O)c1cc2c(cn1)nc(O)c1ccccc12,1,train
Cc1ccccc1-n1nc(-c2c(-c3ccc(F)cc3Cl)nc3ccccn23)ccc1=O,1,train
Nc1ncnc2c1c(-c1cccc(Oc3ccccc3)c1)cn2C1CCCC1,1,train
Cc1cc(COc2ccc(N3CC[C@H]([C@H](NC(=O)c4ccccc4)C(=O)NO)C3=O)cc2)c2ccccc2n1,1,train
CC(C)C[C@H](NC(=O)[C@H](CC(C)C)NC(=O)[C@H](Cc1ccccc1)NC(=O)[C@@H](N)CO)C(=O)N[C@@H](CCCN=C(N)N)C(=O)N[C@@H](CC(N)=O)C(=O)N1CCC[C@H]1C(=O)N[C@@H](CC(N)=O)C(=O)N[C@@H](CC(=O)O)C(=O)N[C@@H](CCCCN)C(=O)N[C@@H](Cc1ccc(O)cc1)C(=O)N[C@@H](CCC(=O)O)C(=O)N1CCC[C@@H]1C(=O)N[C@@H](Cc1ccccc1)C(=O)O,0,train
Cc1ccc(C2(O)c3ccccc3C3=NCCN32)cc1,1,train
C[C@H](NC(=O)Cc1ccc(Cl)cc1)C(=O)N[C@@H](Cc1c[nH]c2ccccc12)C(=O)NCCc1ccccc1,1,train
Cc1ccsc1C(=CCCN1CCC[C@H](C(=O)O)C1)c1sccc1C,1,train
Cc1ccsc1C(=CCCN1CCC[C@@H](C(=O)O)C1)c1sccc1C,1,train
CSCC[C@H](NC(=O)[C@@H](Cc1ccccc1)NC(=O)[C@@H](NC(=O)[C@@H](N)CS)C(C)C)C(=O)O,1,train
CSCC[C@H](NC(=O)[C@H](Cc1ccccc1)NC(=O)[C@@H](NC(=O)[C@@H](N)CS)C(C)C)C(=O)O,1,train
O=C(O)Cn1c(-c2ccccc2)c2c(c1-c1ccccc1)CCCC2,1,train
COc1cc(N(C)Cc2cnc3nc(N)nc(N)c3c2C)cc(OC)c1OC,1,train
NC(Cc1cc(O)no1)C(=O)O,1,train
CC[C@H]1OC(=O)[C@H](C)C(=O)[C@H](C)[C@@H](O[C@@H]2O[C@H](C)C[C@H](N(C)C)[C@H]2O)[C@](C)(OCC=Cc2cnc3ccccc3c2)C[C@@H](C)C(=O)[C@H](C)[C@H]2NC(=O)O[C@@]21C,1,train
O=c1ccn([C@@H]2O[C@H](COP(=O)(O)OP(=O)(O)OP(=O)(O)O)[C@@H](O)[C@H]2O)c(=O)[nH]1,1,train
CCc1ccc(-c2ccc(S(C)(=O)=O)cc2)n1-c1ccc(F)cc1,0,train
COc1cc(/C=C/c2ccc(N(C)C)cc2)cc(OC)c1OC,0,train
CCC(=O)C1C(CC)CC2CCC1N2C,0,train
C[C@@H](O)[C@@H]1NC(=O)[C@H](CCCCN)NC(=O)[C@H](Cc2c[nH]c3ccccc23)NC(=O)[C@H](Cc2ccccc2)NC(=O)[C@H](Cc2ccccc2)NC(=O)[C@@H](N)CSSC[C@@H](C(=O)O)NC(=O)[C@H](Cc2ccccc2)NC1=O,1,train
Nc1nc(O)c2ncn(OCCC(O)CO)c2n1,0,train
CC(C)Oc1cccc(-n2c(/C=C/c3c[nH]c4ccc(Br)cc34)nc3ccccc3c2=O)c1,1,train
O=C(Cc1ccc(Cl)c(Cl)c1)N1CCC[C@H](O)[C@H]1CN1CCCC1,1,train
CNc1nc(Cl)nc2c1ncn2CCC(COP(=O)(O)O)COP(=O)(O)O,1,train
NNC(=O)NCCCCC(=O)Nc1ccccc1,0,train
Cc1cccc(Cl)c1Nc1ccccc1CC(=O)O,0,train
CCOc1ccc(-c2nc3cc(-c4nc5cc(N6CCN(C)CC6)ccc5[nH]4)ccc3[nH]2)cc1,1,train
Cc1nc(C)c2c(n1)N(Cc1ccc(-c3ccccc3C(=O)[O-])cc1)C(=O)CC2,1,train
Cc1cc(C(=O)Nc2cc(Cl)cc(Cl)c2)nn1-c1ccccc1,1,train
CSCC[C@H](NC(=O)[C@H](CC(C)C)NC(=O)[C@H](Cc1c[nH]cn1)NC(=O)CNC(=O)[C@@H](NC(=O)[C@H](C)NC(=O)[C@H](Cc1c[nH]c2ccccc12)NC(=O)[C@H](Cc1c[nH]cn1)NC(=O)[C@H](CC(N)=O)NC(=O)CNC(=O)[C@H](CCCN=C(N)N)NC(=O)[C@@H]1CCCN1C(=O)[C@H](Cc1ccc(O)cc1)NC(=O)[C@H](CCSC)NC(=O)[C@H](CCCCN)NC(=O)[C@@H](NC(=O)[C@H](CC(C)C)NC(=O)[C@@H](NC(=O)[C@@H](NC(=O)CNC(=O)CNC(=O)CNC(=O)[C@H](C)NC(=O)[C@@H]1CCCN1C(=O)[C@H](CC(C)C)NC(=O)[C@@H]1CCCN1C(=O)[C@@H](N)C(C)C)[C@@H](C)O)C(C)C)[C@@H](C)O)C(C)C)C(N)=O,1,train
CN(c1ccccc1C(=O)O)S(=O)(=O)c1ccc2ccccc2c1,0,train
CN1CCN(CCC(=O)N2c3ccccc3C(=O)Nc3cccnc32)CC1,1,train
O=C1NC(=O)c2c1c1c(ccc3cccnc31)c1[nH]c3ccccc3c21,1,train
Fc1ccc(-c2[nH]c(/C=C/c3ccccc3)nc2-c2ccncc2)cc1,1,train
CCc1cc(NCc2ccc3ccccc3c2)c(O)nc1C,1,train
CCC1CN2CCC1CC2[C@H](O)c1cc(-c2cccc([N+](=O)[O-])c2)nc2ccc(OC)cc12,0,train
CC[C@@H]1C(=O)OC[C@@H]1Cc1cncn1C,1,train
CCc1cccn1C1=CC(C)(C)Oc2ccc(C#N)cc21,0,train
O=C1N[C@@H](Cc2ccccc2)C(=O)N2[C@H]3Nc4ccccc4[C@@]3(O)C[C@@H]12,0,train
OC1(c2ccc(Cl)cc2Cl)c2ccccc2C2=NCCN21,1,train
COc1ccc(-c2ccc(OC)c(=O)cc2)c(OC)c1OC,1,train
O=C(O)[C@H](NS(=O)(=O)c1ccccc1)c1ccccc1,0,train
O=C(O)[C@@H](NS(=O)(=O)c1ccccc1)c1ccccc1,0,train
CS[C@@H]1C(=O)N(C(=O)NCc2ccncc2)[C@H]1Cc1ccccc1,1,train
COc1ccc(S(=O)(=O)N2CCN(C(=O)COc3ccccc3)CC2C(=O)NO)cc1,1,train
Cc1nc2cc(OC[C@H](O)CN3CCN(CC(=O)Nc4cccc5[nH]ccc45)CC3)ccc2s1,1,train
O=C(O)c1ccc2oc(NC(CC3CCCCC3)c3ccccc3)nc2c1,1,train
CN1C[C@@H]2Cc3ccccc3[C@]13CCCC[C@@H]23,1,train
CC(=O)Nc1ccc(OCCCNC(C)C)cc1,1,train
Cc1ccc(Sc2cncc3sc(C(N)=O)cc23)cc1,1,train
CCCC[C@@H](NC(=O)CC(=O)N[C@H](Cc1c[nH]c2ccccc12)C(=O)N[C@@H](CCCC)C(=O)N[C@H](CC(=O)O)C(=O)N[C@@H](Cc1ccccc1)C(N)=O)NC(=O)[C@H](Cc1ccc(OS(=O)(=O)O)cc1)NC(=O)C(CC(=O)O)NC(=O)OC(C)(C)C,1,train
COc1ccc2c(c1)CCC=C2CCCN1CCN(c2ccccc2OC)CC1,1,train
CC(=O)N1CCN(Cc2cc(C(C)C)c(O)c(C(C)C)c2)CC1,0,train
O=C(NCCCOc1ccc2[nH]c3nc(O)nc-3cc2c1)N1CCN(CC2CCCCO2)CC1,1,train
Cc1cc(COc2ccc(N3CC[C@H]([C@H](C)N(O)C=O)C3=O)cc2)c2ccccc2n1,1,train
NC(=O)c1cc2c(Oc3ccc(C(=O)NCCN4CCOCC4)cc3)cncc2s1,1,train
C[C@]1(COC(=O)Cc2ccccc2)[C@H](C(=O)[O-])N2C(=O)/C(=C/c3ccccn3)C2S1(=O)=O,1,train
COc1ccc(/C=C/c2cnc3nc(N)nc(N)c3c2)cc1,1,train
O=C(N[C@@H](Cc1c[nH]c2ccccc12)C(=O)N[C@@H](Cc1c[nH]c2ccccc12)C(=O)N[C@@H](Cc1ccc(O)cc1)C(=O)O)OCc1cc(=O)c(O)co1,1,train
CC(C)(O)CCC(C[C@H](O)[C@H](Cc1ccccc1F)NC(=O)c1cnc2ccccc2n1)C(N)=O,1,train
Cc1ccccc1C(=CCCN1CCC[C@H](C(=O)O)C1)c1ccccc1C,1,train
COC(=O)[C@H](Cc1ccc(C#Cc2ccccc2)cc1)NC(=O)CNC(=O)CN(C)C(=N)N,0,train
O=S(=O)(CCCOc1ccc2[nH]c3nc(O)nc-3cc2c1)N1CCN(c2nc3ccccc3s2)CC1,1,train
CCCCN(CCCC)S(=O)(=O)c1ccc(Cl)c([N+](=O)[O-])c1,1,train
Cc1cccc(NC(=O)N[C@H]2N=C(N3CC4CCC(CC4)C3)c3ccccc3N(C)C2=O)c1,1,train
COc1cc(CCc2cnc3nc(N)nc(N)c3c2)cc(OC)c1OC,1,train
NC1=NC(=O)C2N=C(S)N=C2N1,1,train
CCCOc1c(/C(C)=C\C=C\C(C)=C\C(=O)O)cc(C(C)C)cc1C(F)(F)C(F)(F)F,1,train
CC1CCN(CC#CCN2CCCC2)C1=O,1,train
O=P(O)(O)O[C@@H]1CC[C@@H](OP(=O)(O)O)[C@H](OP(=O)(O)O)C1,1,train
Cc1cccc2c(CN(C)C(=O)/C=C/c3cnc4c(c3)CCC(=O)N4)c(C)n(C)c12,1,train
CCOC(=O)c1ccc2oc(NC(CC3CCCCC3)c3ccccc3)nc2c1,1,train
CN1CC[C@]23c4c5ccc(O)c4O[C@H]2[C@@H](NC(=O)CNC(=O)CCC(=O)NCC(=O)N[C@H]2CC[C@@]4(O)[C@H]6Cc7ccc(O)c8c7[C@@]4(CCN6C)[C@H]2O8)CC[C@@]3(O)[C@H]1C5,1,train
CCCCCCCC(=O)N1CSC[C@H]1C(=O)N1CCCC1,1,train
CCOC(=O)c1cn2c(n1)sc1ccccc12,1,train
CC1=CC(C)(C)Nc2ccc3c(c21)/C(=C/c1ccccc1Cl)Oc1ccc(F)cc1-3,1,train
CCCOc1ccc2c3cc[n+]4nc(CC)c(CC)cc4c3n(C(=O)OC(C)(C)C)c2c1,1,train
O=c1cc(-c2cccc(-c3ccc(O)cc3)c2)sc(N2CCOCC2)c1,1,train
CC/C(=N\NC(N)=O)c1cccc(C(F)(F)F)c1,1,train
CCc1cc(NCc2cnc3ccccc3c2)c(O)nc1C,1,train
c1ccc(-c2ccc3[nH]c(-c4ccc5[nH]c(-c6ccc7[nH]cnc7c6)nc5c4)nc3c2)nc1,1,train
O=C(NCCCOc1ccc2[nH]c3nc(O)nc-3cc2c1)N1CCN(Cc2ccccc2)CC1,1,train
Nc1ccc2cnccc2c1Cl,1,train
CC(/C=C/C(F)=C(/C)c1cc(C(C)(C)C)cc(C(C)(C)C)c1OCC(F)(F)F)=C\C(=O)O,1,train
N=C(N)N1CCC[C@H](NC(=O)CNC(=O)[C@@H](CCNC(=O)c2ccc3ccccc3n2)NS(=O)(=O)Cc2ccccc2)C1O,1,train
O=S(=O)(CCCCOc1ccc2[nH]c3nc(O)nc-3cc2c1)C1CCN(Cc2ccc(F)cc2)CC1,1,train
CCC(CC)CN1CCN(S(=O)(=O)CCCOc2ccc3[nH]c4nc(O)nc-4cc3c2)CC1,1,train
c1ccc(-c2ccccn2)nc1,0,train
COc1ccc(N(C)Cc2cnc3nc(N)nc(N)c3c2C)c(OC)c1,1,train
CCc1cc2c3c(cc[n+]2nc1CC)c1ccc(OC)cc1n3C,1,train
O=C(O)c1ccccc1NS(=O)(=O)c1ccc(Br)cc1,0,train
OC1(c2cccc(F)c2)c2ccccc2C2=NCCCN21,1,train
COc1cccc(C#C/C(C)=C/CO/N=C2\CN3CCC2C3)c1,1,train
COc1cccc(C#C/C(C)=C\CO/N=C2/CN3CCC2C3)c1,1,train
c1cnc(N2CCN(Cc3cccc(-c4ccsc4)c3)CC2)nc1,1,train
COc1cc(C(=O)N2CCN(C(=O)c3cc(OC)c(OC)c(OC)c3)CC2)cc(OC)c1OC,1,train
C[C@]12CC[C@@H]3c4ccc(OS(N)(=O)=O)cc4CC[C@H]3[C@@H]1CCC2=O,1,train
CC/C(=N\N=C(\N)S)c1ccc(Cl)c(Cl)c1,1,train
COc1cc(C(=O)N2CCO[C@](CCN3CCC4(CC3)c3ccccc3C[S@+]4[O-])(c3ccc(Cl)c(Cl)c3)C2)cc(OC)c1OC,1,train
CNCC(=O)N[C@@H](CCCN=C(N)N)C(=O)N1C[C@@H]2C[C@H]1C(=O)N[C@@H](Cc1ccc(O)cc1)C(=O)N[C@H](C(=O)N[C@@H](Cc1c[nH]cn1)C(=O)N1CCC[C@H]1C(=O)N[C@@H](Cc1ccccc1)C(=O)O)CSSC[C@H](C(=O)N[C@H](Cc1c[nH]cn1)C(=O)N1CCC[C@@H]1C(=O)N[C@H](Cc1ccccc1)C(=O)O)NC(=O)[C@@H](Cc1ccc(O)cc1)NC(=O)[C@H]1C[C@H](CN1C(=O)[C@@H](CCCN=C(N)N)NC(=O)CNC)SS2,1,train
Cc1ccc(-c2cc(C(F)(F)F)nn2-c2ccc(S(N)(=O)=O)cc2)cc1,1,train
COc1cc(CNC(=O)[C@@H]2CCCN2C(=O)C(N)C(c2ccccc2)c2ccccc2)cc(OC)c1,1,train
N/C(S)=N/N=C/c1cccn1S(=O)(=O)c1ccccc1,1,train
O=C(NO)[C@H]1CCCC[C@@H]1C(=O)Nc1ccc(COc2ccc3ncccc3c2)cc1,0,train
CCC(CC)NC(=O)OCC1CN(C(=O)c2cc(OC)c(OC)c(OC)c2)CCN1C(=O)c1cc(OC)c(OC)c(OC)c1,1,train
COC(=O)N[C@H](C(=O)NO)[C@H]1CCN(c2ccc(OCc3cc(C)nc4ccccc34)cc2)C1=O,1,train
O=C(O)c1cnc2cc(OCc3ccc(Oc4ccccc4)cc3)ccc2c1O,0,train
CNC(=O)N(C)C(C)C#CCN1CCCC1,1,train
CCCCCCCCCC[N+](C)(C)CCCN(N)Cc1c(O)cc2c(c1O)-c1cc(ccc1O)C1NC(=O)C3NC(=O)C4NC(=O)C(Cc5ccc(c(Cl)c5)Oc5cc3cc(c5O)Oc3ccc(cc3Cl)C(O)C(NC1=O)C(=O)N[C@H]2C(=O)NCCCCCCN)NC(=O)C(N)c1ccc(O)c(c1)Oc1cc(O)cc4c1,0,train
O=c1n(CCN2CCC(Cc3c[nH]c4ccc(F)cc34)CC2)c2cccc3c2n1CCC3,1,train
O=C(Cc1ccc(Cl)c(Cl)c1)N1CCC2(CC1CN1CCCC1)SCCS2,1,train
C#CCNC(=O)Cn1c2cc(OC)ccc2c2cc[n+]3nc(CC)c(CC)cc3c21,0,train
Cc1cc(C)c2ncc(NC(=O)Nc3c(F)cc(F)cc3F)c(-c3ccccc3Cl)c2c1,1,train
O=c1cc(CCCc2ccc(O)cc2)oc2cc(O)ccc12,0,train
CN(CCN1CCC(Cc2c[nH]c3ccc(F)cc23)CC1)S(=O)(=O)c1ccc2ccccc2c1,1,train
CCOC(=O)c1ccc(OCC(O)CNC(C)C)cc1,1,train
O=C(NO)c1ccc(CNC(=O)c2ccccc2-c2ccccc2)cc1,0,train
C=C(C)CN1Cc2cccc3[nH]c(=O)n(c23)C(C(C)C)C1,0,train
CC(O)[C@H](NC(=O)[C@H](Cc1ccc([N+](=O)[O-])cc1)NC(=O)CCCN=C(N)N)C(=O)N[C@H](C)Cc1ccccc1,1,train
NS(=O)(=O)c1ccc(Cl)c([N+](=O)[O-])c1,0,train
COc1ccc(C(=O)n2nc(-c3ccncc3)c(-c3ccc(F)cc3)n2)cc1,1,train
O=C(O)c1cnc2cc(OCCc3ccc(F)cc3)ccc2c1O,0,train
C=CCc1cc(N)ccc1OCCCNC(C)C,1,train
O=C(O)c1nc2c(O)nc3cc([N+](=O)[O-])c(-n4cccc4)cc3n2n1,1,train
CC(C)C[C@H](NC(=O)[C@H](CC(C)C)NC(=O)[C@H](Cc1ccccc1)NC(=O)C(C)(C)N)C(=O)N[C@@H](CCCN=C(N)N)C(N)=O,0,train
CNC(=O)c1cc2c(Oc3ccc(C#N)cc3)cncc2s1,1,train
Cc1cccc(OS(N)(=O)=O)c1,0,train
COc1ccc(-c2nc(SCCCCCN(CCCn3ccnc3)C(=O)NC(C)C)[nH]c2-c2ccc(OC)cc2)cc1,1,train
CN(C)CCCCn1c2ccccc2c2c3c(c4c5ccccc5cnc4c21)C(=O)NC3=O,1,train
CS(=O)(=O)Nc1c(-c2ccccc2)c(O)nc2cc(Cl)ccc12,1,train
CCN1C(=O)Cc2cc(CCN3CCN(c4cccc5ccccc45)CC3)ccc21,1,train
COc1ccnc(NC2CCN(C(=O)c3ccc(C#N)cc3)CC2)c1,1,train
CC(C)C[C@@H](N=C(N)N)C(=O)NCC(=O)N1CCC(c2cc(-c3ccc(OCc4ccccc4)c(Cl)c3Cl)nn2C)CC1,0,train
CCCCCCCCCCC[C@H]1CC[C@H]([C@H]2CC[C@H](CCCCCCCCCCCCCC3=C[C@H](C)OC3=O)O2)O1,1,train
O=C(O)C1CCCN(CCC=C(c2ccccc2)c2ccccc2)C1,1,train
CCOC(=O)C(Cc1ccccc1)Nc1nc2ccccc2s1,1,train
CCN(C(=O)C1=CCC[C@H]1C(=O)NCc1ccc(C(=N)N)cc1)C1CCCCC1,1,train
CCCCC1Nc2ccc(C(C)C)cc2C(=O)N1Cc1ccc(-c2ccccc2-c2nn[nH]n2)cc1,1,train
COc1ccc(-c2nc(SCCCCCN(CCCCCSc3nc(-c4ccc(OC)cc4)c(-c4ccc(OC)cc4)[nH]3)C(=O)NC(C)C)[nH]c2-c2ccc(OC)cc2)cc1,1,train
CC(C)[C@H](NC(=O)[C@H](CCCN=C(N)N)NC(=O)[C@@H](N)CC(=O)O)C(=O)N[C@@H](Cc1ccc(O)cc1)C(=O)N[C@H](C(=O)N[C@@H](Cc1c[nH]cn1)C(=O)N1CCC[C@H]1C(=O)O)C(C)C,1,train
C[C@H]1[C@@H](OCCC2ON2C(=O)c2ccccc2O)O[C@@H]2O[C@@]3(C)CC[C@H]4[C@H](C)CC[C@@H]1[C@@]24OO3,1,train
COc1ccc2c(c1)CC(O)(CNCC1CCN(CCNS(=O)(=O)c3cccc4ccccc34)CC1)CCC2,1,train
O=C(/C=C/c1ccc(O)c(O)c1)O[C@H]1[C@H](O)C[C@](O)(C(=O)O)C[C@H]1OC(=O)/C=C/c1ccc(O)c(O)c1,1,train
O=C1CCC(c2c(-c3cccc(C(F)(F)F)c3)nc3ccccn23)=NN1c1ccccc1Cl,1,train
O=P(O)(O)C(Cc1cccc2ccccc12)N[C@@H](Cc1ccc(-c2ccccc2)cc1)c1nnn[nH]1,1,train
CCOC(=O)CCc1ccc2c(c1)CC(NCC(O)c1cccc(Cl)c1)CC2,0,train
CCOC(=O)CCc1ccc2c(c1)C[C@H](NC[C@H](O)c1cccc(Cl)c1)CC2,0,train
CCC1CN2CCC1CC2[C@H](O)c1cc(-c2cccc(N)c2)nc2ccc(OC)cc12,0,train
O=S1(=O)c2ccccc2-c2ccccc2N1CCN1CCC(Cc2c[nH]c3ccc(F)cc23)CC1,1,train
O=C1[C@@H]2C[C@@]3(Cc4cc([N+](=O)[O-])ccc4O)c4ccccc4N[C@H]3N2C(=O)[C@H](Cc2ccccc2)N1Cc1cc([N+](=O)[O-])ccc1O,0,train
COC(=O)c1cc2c(cn1)[nH]c1ccccc12,1,train
COc1ccnc(NC2CCN(C(=O)c3ccccc3)CC2)c1,1,train
CCN1CCC[C@H]1CNC(=O)c1c(OC)ccc(C)c1O,1,train
CC(=O)O[C@@H]1CC(=O)N1C(=O)NC(C)C,0,train
O=C(O)C(=O)CC(=O)c1csc(Cc2ccccc2)c1,1,train
Cn1cc(NC(=O)c2cc(NC(=O)c3cc(NC=O)cn3C)cn2C)cc1C(=O)NCCC(=N)N,1,train
O=C1c2ccccc2CN1CCN1CCN(c2nsc3ccccc23)CC1,1,train
CCCCCCCCCC[C@@H](O)[C@H]1CC[C@H]([C@H]2CC[C@H]([C@H](O)CCCCCCCCCCCCC3=C[C@H](C)OC3=O)O2)O1,1,train
CC(C)C[C@H](NC(=O)[C@H](Cc1ccccc1)NC(=O)CNC(=O)CNC(=O)[C@@H](N)Cc1ccc(O)cc1)C(=O)O,1,train
CC(C)C[C@H](NC(=O)[C@H](CC(C)C)NC(=O)[C@H](Cc1ccccc1)NC(=O)[C@@H](N)CO)C(=O)N[C@@H](CCCN=C(N)N)C(=O)N[C@@H](CC(N)=O)C(=O)N1CCC[C@H]1C(=O)N[C@@H](CC(N)=O)C(=O)N[C@@H](CC(=O)O)C(N)=O,1,train
N#C/C(=C\c1ccc(O)c(O)c1)C(N)=O,1,train
CC(C)[C@H](NS(=O)(=O)c1ccc(Cl)cc1)C(=O)N[C@@H](C=O)Cc1c[nH]c2ccccc12,1,train
CCN(CC)C(=O)c1ccc(C(=C2CCNCC2)c2cccc(OC)c2)cc1,1,train
CCCCOc1ccc(CNC2C(Oc3c4cc5cc3Oc3ccc(cc3Cl)C(O)C3NC(=O)C(NC(=O)C5NC(=O)C5NC(=O)C(Cc6ccc(cc6)O4)NC(=O)C(N(C)Cc4ccc(OCCCC)cc4)c4ccc(O)c(c4)Oc4cc(O)c(Cl)c5c4)c4ccc(O)c(c4)-c4c(O)cc(O)cc4[C@H](C(=O)NCCCN(C)C)NC3=O)OC(C(=O)NCCCN(C)C)C(O)C2O)cc1,0,train
COc1cc(Cc2ccc3c(c2)OCO3)cc(OC)c1OC,0,train
Cc1cc(C(=O)Nc2cc(Cl)cc(Cl)c2)nn1Cc1ccccc1,1,train
O=c1oc(Nc2ccccc2I)nc2cc(C3CCCCC3)ccc12,0,train
COc1cc(C(=O)N2CCN(C(=O)c3cc(OC)c(OC)c(OC)c3)C(CNC(=O)C(C)(C)C)C2)cc(OC)c1OC,0,train
O=C(NO)c1ccccc1,0,train
CCC1CN2CCC1CC2[C@H](O)c1cc(-c2ccccc2)nc2ccc(OC)cc12,0,train
CC(=O)O[C@@H]1[C@@H](C)C(=O)N1C(=O)NCc1ccccc1,1,train
O=c1c2ccccc2nc2ccc(-c3nn[nH]n3)cn12,0,train
CCCCCCCCCCCCn1nnc(N(C(=O)Nc2c(OC)cc(OC)cc2OC)c2ccccc2)n1,1,train
CCc1cccc(CC)c1Nc1ccccc1CC(=O)O,0,train
c1cnc(N2CCN(Cc3cccc4c3sc3ccccc34)CC2)nc1,1,train
CC(C)[C@H](C[C@H](O)[C@H](CC1CCCCC1)NC(=O)[C@H](Cc1c[nH]cn1)NC(=O)[C@H](Cc1ccccc1)NC(=O)OC(C)(C)C)NS(=O)(=O)C(C)C,1,train
COc1cc(C(=O)N2CCN(C(=O)c3cc(OC)c(OC)c(OC)c3)C(COC(=O)NC(C)CC(C)C)C2)cc(OC)c1OC,1,train
N#CCCc1c(-c2ccccc2)c(O)nc2cc(Cl)ccc12,1,train
CCCCc1nn(-c2ccc(OC)cc2)c(C(=O)OCC)c1Cc1ccc(-c2ccccc2-c2nn[nH]n2)cc1,1,train
CCOC(=O)c1cn(Cc2c(F)cccc2F)c2nc(-c3ccc(NC(=O)C4CC4)cc3)c(CN(C)Cc3ccccc3)n2c1=O,1,train
C#Cc1cc(O)nnc1-c1ccccc1,0,train
Cc1ccc(-c2ccc(S(C)(=O)=O)cc2)n1-c1ccccc1,1,train
CCNc1ccc(C(=O)N2CCCCc3cc(Cl)ccc32)c(Cl)c1,1,train
O=C(O)c1nc2c(O)nc3cc(C(F)(F)F)c(-n4cccc4)cc3n2n1,1,train
OC[C@H](NC1CCN(CC(F)Cc2c[nH]c3ccc(-n4cnnc4)cc23)CC1)c1ccc(F)cc1,1,train
O=C(O)CC(=O)Nc1c(-c2ccccc2)c(O)nc2cc(Cl)ccc12,1,train
NC1C(=O)NC2Cc3ccc(c(Cl)c3)Oc3cc4cc(c3O)Oc3ccc(cc3Cl)C(O)C3NC(=O)C(NC(=O)C4NC(=O)C(NC2=O)c2cc(O)cc(c2)Oc2cc1ccc2O)c1ccc(O)c(c1)-c1c(O)cc(O)cc1[C@H](C(=O)NC1C2CC4CC(C2)CC1C4)NC3=O,0,train
CCOC(=O)/C=C/[C@H](CCC(N)=O)NC(=O)[C@H](Cc1ccccc1)n1cccc(NC(=O)OCc2ccccc2)c1=O,1,train
Cc1csc2nc([C@H](C)NC(=O)C=C(c3cccs3)c3cccs3)oc(=O)c12,1,train
O=Cc1ccn(-c2cc3c(cc2[N+](=O)[O-])nc(O)c2nc(C(=O)O)nn23)c1,1,train
COc1cc2c(cc1O)CCCc1cc(OC)c(OC)c(OC)c1-2,1,train
N#CC(C#N)=Cc1ccc(O)c(O)c1,0,train
Cc1csc2nc([C@H](C)NC(=O)/C=C/c3ccccc3[N+](=O)[O-])oc(=O)c12,1,train
O=c1cc(C(c2ccccc2)c2ccccc2)oc2cc(O)ccc12,0,train
CCC(N/N=C(/N)S)c1cccc(Br)c1,1,train
O=C(NS(=O)(=O)c1ccccc1)c1ccc(C(=O)O)nc1,1,train
COc1cc2c(C)nc(O)c(Br)c2cc1OC,1,train
COc1cc(C(=O)N2CCN(C(=O)c3cc(OC)c(OC)c(OC)c3)C(COC(=O)NC(C)C(C)(C)C)C2)cc(OC)c1OC,1,train
CNC1C(=O)NC2Cc3ccc(cc3)Oc3cc4cc(c3O[C@@H]3O[C@@H](C(=O)O)[C@@H](O)[C@H](O)[C@@H]3N)Oc3ccc(cc3Cl)C(O)C3NC(=O)C(NC(=O)C4NC(=O)C(NC2=O)c2cc(cc(O)c2Cl)Oc2cc1ccc2O)c1ccc(O)c(c1)-c1c(O[C@H]2O[C@H](CO)[C@@H](O)[C@@H](O)[C@@H]2O)cc(O)cc1[C@H](C(=O)O)NC3=O,0,train
CC(C)c1ccc2nc3ccc(C(=O)NCCCCOc4cccnc4)cn3c(=O)c2c1,1,train
NC(=O)c1cc2c(Oc3ccccc3CC(O)CO)cncc2s1,1,train
c1ccc2c(c1)C[C@H]1CN[C@@]23CCCC[C@@H]13,1,train
CCN(Cc1cnc2nc(N)nc(N)c2c1C)c1cc(OC)c(OC)c(OC)c1,1,train
CC(/C=C/C(F)=C(/C)c1cc(C(C)(C)C)cc(C(C)(C)C)c1OCC(F)F)=C\C(=O)O,1,train
CC(C)C[C@H](NC(=O)[C@H](CC(C)C)NC(=O)[C@H](Cc1ccc(F)cc1)NC(=O)[C@H](C)N)C(=O)N[C@@H](CCCN=C(N)N)C(N)=O,1,train
O=c1ccc(-c2c(-c3ccc(F)cc3Cl)nc3ccccn23)nn1-c1ccccc1Cl,1,train
O=C(CCCN1CCN(c2ccc(F)cc2)CC1)NC1c2ccccc2CSc2ccccc21,1,train
CC/C(=N\N=C(/S)NCCN1CCNCC1)c1cccc(Br)c1,1,train
Oc1nc2cc(Cl)ccc2c(OCc2ccccc2)c1-c1ccccc1,1,train
C#CCCCn1c2ccccc2c2cc[n+]3nc(CC)c(CC)cc3c21,1,train
O=C(CN1CCC(Cc2ccccc2)CC1)NC(Cc1c[nH]c2ccccc12)C(=O)NCCc1ccccc1,1,train
COC(=O)CC[C@H](CCO)C[C@@H](C)[C@@H]1CC(=O)[C@H](C)/C=C(\C)[C@@H](O)[C@@H](OC)C(=O)[C@H](C)C[C@H](C)/C=C/C=C/C=C(\C)[C@@H](OC)C[C@@H]2CC[C@@H](C)[C@@](O)(O2)C(=O)C(=O)N2CCCC[C@H]2C(=O)O1,1,train
CC1CCN(c2cc(-c3ccnc(N[C@@H](C)c4ccccc4)n3)c(-c3cccc(C(F)(F)F)c3)nn2)CC1,1,train
CC(C)c1cc(CN2CCOCC2)cc(C(C)C)c1N(C)C,0,train
CCCc1nc(O)c2c[nH]nc2n1,0,train
CC(C)(C)COC(=O)c1cc2c3ccccc3nc-2c[nH]1,1,train
CCC(=O)C1C(c2ccc3ccccc3c2)CC2CCC1N2C,1,train
COc1cc2nc(C(=O)c3ccccc3)cn2c2ccc(C(C)C)cc12,1,train
C/C(=N\N=C(\N)S)c1ccc(Cl)c(Cl)c1,1,train
CC[C@H](C)[C@H](NC(=O)[C@H](Cc1ccc(O)cc1)NC(=O)c1[nH]c2c(OCCCCCN=C(N)N)cccc2c1CCCCCCN=C(N)N)C(=O)N[C@@H](CC(C)C)C(=O)O,0,train
Oc1cccc(O)c1O,1,train
c1ccc(CN2CCC(CCOC(c3ccccc3)c3ccccc3)CC2)cc1,1,train
O=C1NC(=O)c2c1c1c3cccnc3ccc1c1[nH]c3ccccc3c21,1,train
CCCCOc1ccc(S(=O)(=O)C2(C(=O)NO)CCN(CC)CC2)cc1,1,train
O=C(Cc1ccc(Cl)c(Cl)c1)N1CC[C@H](O)C[C@H]1CN1CCCC1,1,train
Clc1ccc(Sc2ccccc2C2=NCCN2)cc1,1,train
O=C1C[C@H](Cc2ccccc2)N1C(=O)NCc1ccncc1,0,train
N[C@@H](Cc1ccc(O)c(O)c1)C(=O)O,0,train
CCCCC(=O)N[C@@H]1CC(=O)NCCCC[C@@H](C(N)=O)NC(=O)[C@H](Cc2c[nH]c3ccccc23)NC(=O)[C@@H](CCCN=C(N)N)NC(=O)[C@H](Cc2ccccc2)NC(=O)C2(CCc3c(cccc3C(C)C)C2)NC1=O,1,train
Cc1cc(NC(=O)/C(C#N)=C(\O)C2CC2)ccc1C(F)(F)C(F)(F)F,1,train
O=C(N[C@@H]1CCCN2C(=O)N(Cc3ccccc3)C(=O)C[C@@H]12)c1cc2ccccc2[nH]1,1,train
C[C@H]1CCC[C@@H](CN2CCCC2)N1C(=O)Cc1ccc(Cl)c(Cl)c1,1,train
O=c1ccoc2cc(O)ccc12,0,train
c1ccc(C(CC2CCCCC2)Nc2nc3ccccc3o2)cc1,1,train
CC(C)C[C@@H](N=C(N)N)C(=O)NCC(=O)N1CCC(c2cc(-c3ccc(OCc4ccc(C(=O)O)cc4)c(Cl)c3Cl)nn2C)CC1,1,train
CCCCNc1ccc(C(=O)N2CCCCc3ccccc32)c(Cl)c1,1,train
O=C(NCCCOc1ccc2[nH]c3nc(O)nc-3cc2c1)N1CCC(N2CCCCC2)CC1,1,train
CN(C)c1ccc(-c2nc(SCCCCCN(CCCCCSc3nc(-c4ccccc4)c(-c4ccccc4)[nH]3)C(=O)Nc3ccc(F)cc3F)[nH]c2-c2ccc(N(C)C)cc2)cc1,1,train
Cc1cc(C(=O)N[C@@H](CC(F)C(=O)O)C(=O)O)sc1N(C)Cc1cnc2nc(N)nc(N)c2n1,0,train
CCCCN(CC(=O)NO)C(=O)CN(CCc1ccc(F)cc1)C(=O)Nc1ccc(Oc2ccccc2)cc1,0,train
C[C@H](Nc1nccc(-c2cc(N3CCCCC3)nnc2-c2cccc(C(F)(F)F)c2)n1)c1ccccc1,1,train
N#Cc1ccc2[nH]c(-c3ccc4[nH]cnc4c3)nc2c1,0,train
COc1ccc(C(OCCC2CCN(CCCc3ccccc3)CC2)c2ccc(OC)cc2)cc1,1,train
CNC(=O)c1cc2c(Oc3ccc(N4CCOCC4)cc3)cncc2s1,1,train
CNc1cc(-c2[nH]c(-c3ccc(F)c(NC)c3)c3c2C2CCC3C2)ccc1F,1,train
O=C(O)c1ccc2nc3ccc(O)cc3c(=O)n2c1,0,train
CCN1CCC[C@H]1CNC(=O)c1c(OC)cccc1OC,0,train
O=C([O-])Cc1cc(F)ccc1Nc1c(Cl)cccc1Cl,0,train
C#CCN(Cc1ccc2nc(C)nc(O)c2c1)c1ccc(C(=O)N[C@@H](CCC(=O)O)C(=O)N(C)CC(=O)O)cc1,1,train
CC(C)C[C@H](NC(=O)[C@H](CC(C)C)NC(=O)[C@@H](N)Cc1ccccc1)C(=O)N[C@@H](CCCN=C(N)N)C(=O)N[C@@H](CC(N)=O)C(=O)N1CCC[C@H]1C(=O)N[C@@H](CC(N)=O)C(=O)N[C@@H](CC(=O)O)C(=O)N[C@@H](CCCCN)C(N)=O,0,train
Cc1cn(C2C=CC(COC(=O)CNC(=O)c3ccncn3)O2)c(=O)[nH]c1=O,1,train
O=c1oc(Nc2nc[nH]n2)nc2ccccc12,0,train
N#CC(C#N)=C(N)/C(C#N)=C/c1ccc(O)c([N+](=O)[O-])c1,0,train
COCCOCCOCc1ccc(Oc2cncc3sc(C(N)=O)cc23)cc1,1,train
Cc1cn([C@H]2C=C[C@@H](CO)O2)c(=O)[nH]c1=O,1,train
CC1(C)C(=O)N(c2ccc(C#N)c(C(F)(F)F)c2)C(=O)N1CCOCCOCc1ccc(O)c(C(N)=O)c1,1,train
O=C1Nc2ccc(Cl)cc2[C@@](C#CC2CC2)(C(F)(F)F)O1,1,train
O=C1c2cccc3cc4ccccc4c(c23)C(=O)N1CCN1CCNCC1,1,train
CCc1c(C(=O)C(N)=O)c2c(OCC(=O)O)cccn2c1CC1CCCCCC1,1,train
NC(=O)[C@H](Cc1ccc(C(F)(F)P(=O)(O)O)c(Br)c1)NC(=O)[C@H](Cc1ccc(C(F)(F)P(=O)(O)O)c(Br)c1)NC(=O)c1cc(Br)cc(C2(C(F)(F)F)N=N2)c1,1,train
c1ccc(-c2[nH]c(-c3ccccc3)c3c2C2CCC3CC2)cc1,1,train
CCOC(=O)C(Cc1ccccc1)Nc1nc2cc(CC)ccc2s1,1,train
O=P(O)(O)C(Cc1cccc2c1OCO2)N[C@@H](Cc1ccc(-c2ccccc2)cc1)c1nnn[nH]1,1,train
O=C(N1CCCCC1)n1nc(-c2ccc(Cl)cc2)nc1SCC1CC1,1,train
NC(Cc1nc2cc(Br)ccc2n1CP(=O)(O)O)C(=O)OCc1ccccc1,1,train
CCOC(=O)c1csc(-c2nc3c([nH]2)C(=O)C=CC3=O)n1,1,train
CC(C)C[C@H](NC(=O)[C@H](CC(C)C)NC(=O)[C@@H](N)Cc1ccccc1)C(=O)N[C@@H](CCCN=C(N)N)C(N)=O,0,train
CCCCc1nc2ccc(C(C)(C)OC)cc2c(=O)n1Cc1ccc(-c2ccccc2-c2nn[nH]n2)cc1,1,train
COC(=O)C1C(CCCc2ccccc2)CC2CCC1N2C,1,train
COc1cc(C=C(C#N)C#N)cc(OC)c1,0,train
Cc1c(Cl)cccc1S(=O)(=O)Nc1nc(CC(=O)N2CCN(C)CC2)cs1,1,train
CCN(CC)C(=O)CCC1=C(c2ccccc2)c2ccccc2C(=O)C1=O,1,train
O=C1c2cccc3cc4ccccc4c(c23)C(=O)N1CCCN(CCO)CCO,1,train
COC(=O)C1C(Cc2ccccc2)CC2CCC1N2C,1,train
CCC[C@@H](NC(=O)N1C(=O)C[C@@H]1Cc1ccccc1)c1ccccc1,1,train
COc1cc([C@@H]2c3cc4c(cc3[C@H](O)[C@H]3COC(=O)[C@H]23)OCO4)cc(OC)c1OC,1,train
N#C/C(C(=O)Nc1ccc(/C=C/c2ccc(Cl)cc2)cc1)=C(/O)C1CC1,0,train
CNC(=O)c1cc2c(Oc3ccc(C(=O)CC(C)(O)c4ccc(Oc5cncc6sc(C(=O)NC)cc56)cc4)cc3)cncc2s1,1,train
Nc1nc(N)c2nc(-c3ccc4ccccc4c3)[nH]c2n1,0,train
CCCCOc1ccc(OCCCNC(C)C)cc1,1,train
NC(=O)[C@@H]1CCN(C(=O)Cc2ccc(Cl)c(Cl)c2)[C@H](CN2CCCC2)C1,1,train
CCCCCCCN(CC(=O)NO)C(=O)CN(CCCc1ccccc1)C(=O)Nc1ccc(Oc2ccccc2)cc1,0,train
CC(=O)c1cc(-c2ccc(S(C)(=O)=O)cc2)n(-c2ccc(F)cc2)c1C,1,train
Nc1c(S(=O)(=O)[O-])cc(Nc2ccc(Nc3nc(Cl)nc(Cl)n3)cc2S(=O)(=O)[O-])c2c1C(=O)c1ccccc1C2=O,1,train
CCc1cc(NCc2nc3ccccc3s2)c(O)nc1C,1,train
COc1cc(C(=O)N2CCN(C(=O)c3cc(OC)c(OC)c(OC)c3)C(COC(=O)c3ccccc3Cl)C2)cc(OC)c1OC,1,train
N#CC(C#N)=Cc1cc(O)c(O)c(O)c1,1,train
CCCCNC(=O)N1C(=O)C[C@H]1OC(C)=O,0,train
O=C(NCCCOc1ccc2[nH]c3nc(O)nc-3cc2c1)N1CCN(Cc2ccc(F)cc2)CC1,1,train
CC(C)C[C@H](NC(=O)[C@H](CC(C)C)NC(=O)[C@H](Cc1ccccc1)NC(=O)[C@@H](N)CO)C(=O)N[C@@H](C)C(N)=O,0,train
COc1cc(C=C(C#N)C#N)cc(OC)c1O,0,train
COc1cc2nc(C(=O)c3ccccc3)cn2c2cc(C)c(C)cc12,1,train
C[C@H]1[C@@H](OCCCOc2coc(CO)cc2=O)O[C@@H]2O[C@@]3(C)CC[C@H]4[C@H](C)CC[C@@H]1[C@@]24OO3,1,train
Cc1c(C=O)cc(-c2ccc(S(C)(=O)=O)cc2)n1-c1ccc(F)cc1,1,train
N#Cc1cc([N+](=O)[O-])ccc1Cl,0,train
NC(=O)c1cc2c(Oc3ccc(C(=O)N4CCOCC4)cc3)cncc2s1,1,train
O=C(NO)[C@H]1CCC[C@@H]1C(=O)Nc1ccc(OCc2ccccc2)cc1,0,train
O=C(NCCCOc1ccc2[nH]c3nc(O)nc-3cc2c1)N1CCN(c2ncccn2)CC1,1,train
COc1cc2nc(C(=O)c3ccccc3)cn2c2ccccc12,1,train
CC(=O)[C@H]1CCCN1C(=O)c1cccc(C(=O)N2CCC[C@H]2C(=O)N2CCC[C@@H]2C(=O)CO)c1,1,train
CN1CC[C@]23c4c5ccc(O)c4O[C@H]2[C@@H](O)[C@@H](c2ccccc2)CC3[C@H]1C5,1,train
CCCCc1nc(O)c2c[nH]nc2n1,0,train
CCc1cc(NCc2cccc3ccccc23)c(O)nc1C,1,train
O=C(CO)[C@@H]1CCCN1C(=O)[C@@H]1CCCN1C(=O)c1cccc(C(=O)N2CCC[C@H]2C(=O)N2CCCC2)c1,1,train
C[C@]1(COC(=O)CCl)[C@H](C(=O)[O-])N2C(=O)/C(=C/C(=O)[O-])C2S1(=O)=O,1,train
CC(C)C[C@H](C=O)NC(=O)[C@@H](NS(=O)(=O)c1ccc(Cl)cc1)C(C)C,1,train
O=c1cc(-c2ccccc2)sc(N2CCOCC2)c1,1,train
CC(C)(C)NCc1cc(Nc2ccnc3cc(Cl)ccc23)cc(C2CCCCC2)c1O,1,train
CC(C)(F)CC[C@H](C[C@H](O)[C@H](Cc1ccccc1)NC(=O)c1cnc2ccccc2n1)C(N)=O,1,train
COc1ccccc1-c1cccc(CN2CCN(c3ncccn3)CC2)c1,1,train
SCCNCc1cc(-c2cccc3ccccc23)cc(CNCCS)n1,1,train
OC1(c2cccc(Cl)c2)c2ccccc2C2=NCCCN21,1,train
CNC(=O)c1cc2c(Oc3ccc(-c4cccs4)cc3)cncc2s1,1,train
O=C(NCCCOc1ccc2[nH]c3nc(O)nc-3cc2c1)N1CCN(CCC2CCCCC2)CC1,1,train
O=C(Cc1ccc2[nH]c(-c3ccc(Cl)s3)nc2c1)Nc1ccc(N2CCCC2=O)cc1,1,train
Fc1cccc(CCN2CCN(CCCc3c[nH]c4ccc(-n5cnnc5)cc34)CC2)c1,1,train
CCN1CCCC(N2C(=O)c3cccc4cc5ccccc5c(c34)C2=O)C1,1,train
COCCn1nc(-c2ccncc2)c(-c2ccc(F)cc2)n1,1,train
CC(C)=CCN1Cc2cccc3[nH]c(=S)n(c23)C(C)C1C,1,val
O=C1c2ccccc2C(=O)N1CCCCCN1CCN(c2nsc3ccccc23)CC1,1,val
CC(C)C[C@H](NC(=O)[C@H](CC(C)C)NC(=O)[C@H](Cc1ccccc1)NC(=O)[C@@H](N)CCCN=C(N)N)C(=O)N[C@@H](CCCN=C(N)N)C(N)=O,0,val
COc1ccc(S(=O)(=O)N2CC(NOC(C)(C)C)C[C@@H]2C(=O)NO)cc1,1,val
COc1ccc2c(Cc3c(Cl)cncc3Cl)nncc2c1C#CCCCc1ccccc1,1,val
C[C@]1(/C=C/C#N)[C@H](C(=O)[O-])N2C(=O)/C(=C/C(=O)[O-])C2S1(=O)=O,1,val
CCOC(=O)c1cn(Cc2c(F)cccc2F)c2nc(-c3ccc(NC(=O)NOC)cc3)c(CN(C)Cc3ccccc3)n2c1=O,1,val
CCCN(CCC)C1CCc2cccc(O)c2C1,1,val
CC1(C)CN=C2c3ccccc3C(O)(c3ccc(Cl)cc3)N2C1,1,val
CCNC(=N)c1ccc(C2=NO[C@@H](CC(=O)NC[C@H](NS(=O)(=O)c3cccc(C)c3)C(=O)O)C2)cc1,1,val
CC(O)[C@H](NC(=O)[C@H](Cc1ccc([N+](=O)[O-])cc1)NC(=O)CCCN=C(N)N)C(=O)N[C@H](CO)c1ccccc1,1,val
CNC(=O)c1cc2c(Oc3ccc(C(=N)NO)cc3)cncc2s1,1,val
O=c1cc(Cc2ccccc2)oc2cc(O)ccc12,1,val
C[C@@H]1C(=O)N(C(=O)NCc2ccccc2)[C@@H]1Oc1ccc(C(=O)O)cc1,0,val
O=S1(=O)c2cccc3cccc(c23)N1CCCN1CC=C(c2c[nH]c3ccc(F)cc23)CC1,1,val
CCCCCCCCCCCCn1nnc(N(C(=O)Nc2c(C(C)C)cccc2C(C)C)C2CCCCC2)n1,1,val
O=C(O)C(=O)/C=C(\O)c1cccc(Cc2ccccc2F)c1,1,val
C1=CCc2c(-c3ccccc3)[nH]c(-c3ccccc3)c2C1,1,val
N#C/C(C(=O)Nc1ccc(-c2ccccc2)cc1)=C(/O)C1CC1,1,val
COC(=O)/C=C1/C(=O)N2C1S(=O)(=O)[C@@](C)(COC(C)=O)[C@@H]2C(=O)[O-],1,val
CC(C)C[C@H](NC(=O)[C@H](CC(C)C)NC(=O)[C@H](Cc1ccccc1)NC(=O)[C@@H](N)CO)C(=O)N[C@@H](CCCN=C(N)N)C(N)=O,1,val
CC(C)C[C@H](NC(=O)[C@H](CC(C)C)NC(=O)[C@@H](Cc1ccccc1)NC(=O)[C@@H](N)CO)C(=O)N[C@@H](CCCN=C(N)N)C(N)=O,0,val
O=C(CCc1ccc(O)c(O)c1)c1ccc(O)c(O)c1O,1,val
CC1C(CC(N)=O)=C2C(OCC(=O)O)=CC=CN2C1Cc1ccccc1,0,val
Cc1cc(NC(=O)Cc2ccc3[nH]c(-c4ccc(Cl)s4)nc3c2)ccc1N1CCOCC1=O,1,val
O=S(=O)(CCCCOc1ccc2[nH]c3nc(O)nc-3cc2c1)C1CCNCC1,1,val
CCCC[C@H](O[C@@H](Cc1ccccc1)C(=O)N1CCC(OCOC)CC1)C(=O)N[C@@H](CC1CCCCC1)[C@@H](O)[C@@H](O)CC(C)C,1,val
CC(CCCc1cccnc1)NC(=O)c1ccc2nc3ccc(C(C)C)cc3c(=O)n2c1,1,val
C/C(=N\C12CC3CC(CC(C3)C1)C2)Nc1ccccc1C,1,val
COc1ccc2c(=O)n3cc(C(=O)NCCCCc4cccnc4)ccc3nc2c1,1,val
CNC(=O)c1cc2c(Oc3ccc(CO)cc3)cncc2s1,1,val
COc1ccc(C2(O)c3ccccc3C3=NCCCN32)cc1OC,1,val
COc1ccc(S(=O)(=O)N2CCN(C(=O)OCc3ccccc3)CC2C(=O)NO)cc1,1,val
Nc1cc(N)c(/N=N/c2ccc(/C=C/c3ccc(/N=N/c4c(N)cc(N)cc4C(=O)[O-])cc3S(=O)(=O)[O-])c(S(=O)(=O)[O-])c2)c(C(=O)[O-])c1,0,val
CCCCNC(=O)[C@@H](C[C@H](O)[C@H](CC1CCCCC1)NC(=O)[C@H](CCCC)O[C@@H](Cc1ccccc1)C(=O)N1CCC(OCOC)CC1)C(C)C,1,val
CC(C)C[C@H](NC(=O)[C@H](Cc1ccc(F)cc1)NC(=O)[C@H](C)N)C(=O)N[C@@H](CCCN=C(N)N)C(=O)N[C@@H](CCCN=C(N)N)C(N)=O,0,val
COc1ccc(CN(C)C(=O)N2C(=O)C[C@@H]2Cc2ccccc2)cc1,1,val
CCC1C(CC(N)=O)=C2C(OCC(=O)O)=CC=CN2/C1=C\c1cccc(C(F)(F)F)c1,0,val
C/C(C#Cc1ccccc1)=C/CO/N=C1\CN2CCC1C2,1,val
CC[C@H](C)[C@H](NC(=O)[C@@H](NC(=O)[C@H](CC(C)C)NC(=O)[C@H](C)N(C)C(=O)[C@H](Cc1ccccc1)NC(=O)OC(C)(C)C)C(C)C)C(=O)N[C@@H](Cc1c[nH]cn1)C(=O)OC,1,val
O=C1Cc2cc(CCN3CCN(c4cccc5ccccc45)CC3)ccc2N1,1,val
Cc1cc(C(=O)Nc2cccc(Br)c2)nn1-c1cccc(C(F)(F)F)c1,1,val
CCN(CC)C(=O)c1ccc(C(=C2CCNCC2)c2ccc(F)cc2)cc1,1,val
N=C(N)N1CCC[C@H](NC(=O)CNC(=O)[C@@H](CCNC(=O)c2cnc3ccccc3c2)NC(=O)OCc2ccccc2)C1O,1,val
CCCCCCCCCC(=O)N1CSC[C@H]1C(=O)N1CCCC1,1,val
O=C(N1CCCCC1)n1nc(-c2ccc(Cl)cc2)nc1SCC(F)(F)F,1,val
CC[C@H](C)[C@H](NC(=O)[C@@H](NC(=O)[C@H]1COCCCN(C(=O)[C@H](Cc2ccccc2)NC(=O)OC(C)(C)C)[C@H](C)C(=O)N1)C(C)C)C(=O)N[C@@H](Cc1c[nH]cn1)C(=O)OC,1,val
COc1cc(CO/C(S)=N/CC(COC(=O)C(C)(C)C)Cc2ccc(C)c(C)c2)ccc1NS(C)(=O)=O,1,val
CN(C)S(=O)(=O)c1ccc(Cl)c([N+](=O)[O-])c1,1,val
Cc1c(Sc2ccccc2)n(COCCO)c(=O)[nH]c1=O,1,val
O=C1C=C(Cc2ccccc2)c2ccccc2C1=O,1,val
CC[C@H](C)[C@H](NC(=O)[C@@H](NC(=O)[C@H](CC(C)C)NC(=O)[C@H](C)NC(=O)[C@H](Cc1ccccc1)NC(=O)OC(C)(C)C)C(C)C)C(=O)N[C@@H](Cc1c[nH]cn1)C(=O)OC,1,val
CCOC(=O)C(Cc1ccc(Cl)cc1)Nc1nc2ccc(OC)cc2s1,1,val
Cc1nccn1CCCCc1ccc(CC(=O)N[C@@H](CO)C(=O)N[C@@H](CS(=O)(=O)CCN)C(=O)NCCC2CCCCC2)cc1,0,val
O=C(O)COc1cccc(-c2ccc(CCCCCCc3ccc(O[C@H]4O[C@H](CO)[C@@H](O)[C@@H](O)[C@@H]4O)c(-c4cccc(OCC(=O)O)c4)c3)cc2O[C@H]2O[C@H](CO)[C@@H](O)[C@@H](O)[C@@H]2O)c1,0,val
CCCCc1cc2c3ccccc3nc-2c[nH]1,1,val
N=C(N)N1CCC[C@H](NC(=O)CNC(=O)[C@@H](CCNC(=O)c2ccccn2)NS(=O)(=O)Cc2ccccc2)C1O,1,val
CC(C)(C)NC(=O)[C@@H]1CN(C(=O)OCc2ccccc2)CCN1C[C@@H](O)[C@H](Cc1ccccc1)NC(=O)O[C@H]1CCOC1,1,val
COC(=O)/C=C/c1cc(O)nnc1-c1ccccc1,0,val
NNC(=O)NCCCCCC(=O)Nc1ccccc1,0,val
CSCC[C@H](NC(=O)[C@H](CCc1ccccc1)NC(=O)[C@@H](NC(=O)[C@@H](N)CS)C(C)C)C(=O)O,1,val
CCCCOc1c(/C(C)=C(F)\C=C\C(C)=C\C(=O)O)cc(C(C)C)cc1C(C)C,1,val
Cc1csc2nc([C@H](C)NC(=O)/C=C/c3ccccn3)oc(=O)c12,1,val
CN(C)CCCN(C(=O)c1cc2ccccc2o1)c1ccccc1SCc1ccccc1,1,val
CN(C(=O)n1nc(-c2ccncc2)c(-c2ccc(F)cc2)n1)c1ccccc1,1,val
O=C1CC[C@@H](CN2CCCC2)N(C(=O)Cc2ccc(Cl)c(Cl)c2)C1,1,val
CCCC[C@H](O[C@@H](Cc1ccccc1)C(=O)N1CCC(OCOC)CC1)C(=O)N[C@@H](CC1CCCCC1)[C@@H](O)C[C@H](NC(=O)OCCN1CCCC1)C(C)C,1,val
CN(c1ccccc1)c1ncnc2ccc(N/N=N/Cc3ccccn3)cc12,1,val
NC(C(=O)N1CCC[C@H]1C(=O)NCc1cccc(O)c1)C(c1ccccc1)c1ccccc1,1,val
CCCCc1nn(-c2ccccc2C)c(C(=O)O)c1Cc1ccc(-c2ccccc2-c2nn[nH]n2)cc1,1,val
CC(C)(C)NC(=O)[C@@H]1CN(Cc2ccncc2)CCN1C[C@@H](O)[C@H](Cc1ccccc1)NC(=O)O[C@H]1CCOC1,1,val
CCc1nc(C)c2c(n1)N(Cc1ccc(-c3ccccc3-c3nn[nH]n3)cc1)C(=O)CC2,1,val
O=C1CNC(=O)N1CC#CCN1CCCC1,0,val
S=C(NCN1CCOCC1)Nc1ccc(Br)cn1,1,val
CC(=O)Nc1cc2c3ccccc3nc-2c[nH]1,1,val
CC[C@H](NC(=O)[C@H](CC1CCCCC1)NC(=O)[C@@H](NC(=O)[C@H](CC(C)C)NC(=O)c1cnccn1)[C@@H](C)CC)C(=O)C(=O)NCC(N)=O,1,val
OC1(C23C[C@H]4C[C@@H](C2)C[C@@H](C3)C4)c2ccccc2C2=NCCN21,1,val
CC(C)OC(=O)c1cn2c(n1)sc1ccccc12,1,val
O=C(O)Cc1cccc(-c2cc(CCc3cccc(-c4ccccc4O[C@H]4O[C@H](CO)[C@@H](O)[C@@H](O)[C@@H]4O)c3)ccc2O[C@H]2O[C@H](CO)[C@@H](O)[C@@H](O)[C@@H]2O)c1,0,val
Cc1nc2cc(OC[C@H](O)CN3CCN(CC(=O)NCCc4ccccc4)CC3)ccc2s1,0,val
Cc1nc2cc(OC[C@H](O)CN3CCN(CC(=O)Nc4ccc(Cl)c(C(F)(F)F)c4)CC3)ccc2s1,1,val
NC(=O)c1cc2c(Oc3cccc(Cl)c3)cncc2s1,1,val
CNCC(=O)N[C@@H](CCCN=C(N)N)C(=O)N[C@H](C(=O)N[C@@H](Cc1ccc(O)cc1)C(=O)N[C@H]1CSSC[C@H](C(=O)O)NC(=O)[C@@H]2CCCN2C(=O)[C@H](Cc2c[nH]cn2)NC1=O)C(C)C,1,val
COc1cc(CCC2CNc3nc(N)nc(N)c3C2)cc(OC)c1OC,0,val
O=C(c1ccc(N2CCCCC2)cc1Cl)N1CCCCc2ccccc21,1,val
COc1c(C(=O)C(N)=O)c2c(OCC(=O)O)cccn2c1Cc1ccccc1-c1ccccc1,1,val
CCCN1Cc2cccc3[nH]c(=S)n(c23)CC1C,1,val
Cc1cccc2c1C1(C34C[C@H]5C(=O)N[C@@H](Cc6ccccc6)C(=O)N5[C@H]3Nc3cccc(C)c34)C[C@H]3C(=O)N[C@@H](Cc4ccccc4)C(=O)N3[C@H]1N2,1,val
CCCCC(=O)N[C@H]1CC(=O)NCCCC[C@@H](C(N)=O)NC(=O)[C@H](Cc2c[nH]c3ccccc23)NC(=O)[C@H](CCCN=C(N)N)NC(=O)[C@@H](Cc2ccccc2)NC(=O)[C@@]2(CCc3c(C)cccc3C2)NC1=O,1,val
CCc1c(C(=O)C(N)=O)c2cc(OCCC(=O)O)ccn2c1Cc1ccccc1-c1ccccc1,1,val
C=CC(=O)Nc1ccc(-c2nc3n(Cc4c(F)cccc4F)cc(C(=O)OCC)c(=O)n3c2CN(C)Cc2ccccc2)cc1,1,val
O=C([O-])Cc1cc(Cl)ccc1Nc1c(Cl)cccc1Cl,0,val
CNCC(=O)N[C@@H](CCCN=C(N)N)C(=O)N[C@H]1CSS[C@@H]2C[C@@H](C(=O)N[C@@H](Cc3c[nH]cn3)C(=O)N3CCC[C@H]3C(=O)N[C@@H](Cc3ccccc3)C(=O)O)N(C2)C(=O)[C@H](Cc2ccc(O)cc2)NC1=O,1,val
CCOC(=O)Cn1c2cc(OC)ccc2c2cc[n+]3nc(C)c(C)cc3c21,1,val
CCC(C)CNC(=O)OCC1CN(C(=O)c2cc(OC)c(OC)c(OC)c2)CCN1C(=O)c1cc(OC)c(OC)c(OC)c1,1,val
N=C(N)N1CCC[C@H](NC(=O)CNC(=O)[C@@H](CCNC(=O)c2ccc(O)nc2)NS(=O)(=O)Cc2ccccc2)C1O,1,val
CN(Cc1ccccc1)C1CCN(CCCc2c[nH]c3ccc(-n4cnnc4)cc23)CC1,1,val
c1ccc(-c2nc(SCCCSCCCSc3nc(-c4ccccc4)c(-c4ccccc4)[nH]3)[nH]c2-c2ccccc2)cc1,1,val
CCCCc1nn(-c2ccccc2-c2ccccc2)c(C(=O)OCC)c1Cc1ccc(-c2ccccc2-c2nn[nH]n2)cc1,1,val
CC(CCc1cccnc1)NC(=O)c1ccc2nc3ccc(C(C)C)cc3c(=O)n2c1,1,val
Fc1ccc(-c2[nH]c(-c3ccc(F)cc3)c3c2C2CCC3CC2)cc1,1,val
CNC(=O)c1cc2c(Oc3ccc(C(C)=O)cc3)cncc2s1,1,val
CCCCCCCCCCCCCCCCCC(=O)N1CSC[C@H]1C(=O)N1CCCC1,1,val
CCCCc1nc(Cl)c(CO)n1Cc1ccc(-c2ccccc2-c2nnn[nH]2)cc1,1,val
CCC(=O)C1C(c2ccc(C)cc2)CC2CCC1N2C,1,val
O=S1(=O)c2cccc3cccc(c23)N1CCCN1CC=C(c2c[nH]c3ccc(Br)cc23)CC1,1,val
COc1ccc(NN=C(C#N)C#N)cc1,0,val
CC(C)N(C(C)C)S(=O)(=O)c1ccc(Cl)c([N+](=O)[O-])c1,1,val
CCCCC1Nc2ccc(C(C)(C)OC)cc2C(=O)N1Cc1ccc(-c2ccccc2-c2nn[nH]n2)cc1,1,val
CCOC(=O)COc1ccc2c(c1)C[C@@H](NC[C@H](O)c1cccc(Cl)c1)CC2,0,val
Cn1c2ccccc2c2c1cnc1c3ccccc3n(C)c12,1,val
COc1cc2c(C)nc(O)c(C(C)C)c2cc1OC,1,val
COc1ccc2c(c1)CCC=C2CCCN1CCN(c2ccccc2)CC1,1,val
CCc1ccnc(N)c1,1,val
CC(C)c1cc(CN2CCOCC2)cc(C(C)C)c1,0,val
CC[C@H](C)[C@H](NC(=O)[C@H](Cc1ccc(O)cc1)NC(=O)[C@@H]1CCCN1C(=O)[C@H](CCCN=C(N)N)NC(=O)[C@@H](N)CCCN=C(N)N)C(=O)C[C@H](Cc1ccccc1)C(=O)O,1,val
CCC(CC)CN1CCC(n2nnnc2CCCOc2ccc3[nH]c4nc(O)nc-4cc3c2)CC1,1,val
CC(C)(C)NCc1cc(Nc2ccnc3cc(Cl)ccc23)ccc1O,1,val
C=CCC1(CN2CCCC2)CCCCN1C(=O)Cc1ccc(Cl)c(Cl)c1,1,val
CC(C)[C@@H]1C(=O)N(S(C)(=O)=O)[C@@H]2CCN(C(=O)c3cnc(CNC4CC4)cn3)[C@H]21,1,val
O=C1c2cccc3cccc(c23)C(=O)N1CCNCCNCCN1C(=O)c2cccc3cccc(c23)C1=O,1,val
O=P(O)(O)C(Cc1cccc2ccccc12)N[C@H](Cc1ccc(-c2ccccc2)cc1)c1nnn[nH]1,1,val
COc1ccc2c(c1)C(O)(CNCC1CCN(CCNS(=O)(=O)c3cccc(Cl)c3C)CC1)CCC2,1,val
Cc1ccc(/N=C2/C(=O)c3cncnc3C(O)=C2Cl)c(Br)c1,1,val
Cn1cc(NC(=O)c2cc(NC(=O)c3cc(NC(=O)/C=C/c4ccc(N(CCCl)CCCl)cc4)cn3C)cn2C)cc1C(=O)NCCC(=N)N,1,val
CNCC(=O)N[C@@H](CCCN=C(N)N)C(=O)N[C@H]1CC(=O)NCCC[C@@H](C(=O)N[C@@H](Cc2c[nH]cn2)C(=O)N2CCC[C@H]2C(=O)N[C@H](Cc2ccccc2)C(=O)O)NC(=O)[C@H](Cc2ccc(O)cc2)NC1=O,1,val
COc1cc(N2CCN(c3cc(OC)c(OC)c(OC)c3)CC2)cc(OC)c1OC,0,val
COc1ccc(OC)c(Cc2cnc3nc(N)nc(N)c3c2C)c1,1,val
O=C(N[C@@H](Cc1ccccc1)[C@@H](O)CC(C(=O)NO)C1CCC(F)(F)CC1)c1cnc2ccccc2n1,1,val
NC(Cc1ccnn1O)C(=O)O,0,val
CCCCC1C(=O)N(c2ccccc2)N(c2ccccc2)C1=O,1,val
Cc1nc2cc(OC[C@H](O)CN3CCN(CC(=O)N[C@H]4CCc5ccccc54)CC3)ccc2s1,1,val
Cc1cc(C(=O)NCCN2CCOCC2)[nH]c1/C=C1\C(=O)N(C)c2ncnc(Nc3ccc(F)c(Cl)c3)c21,1,val
COc1ccc(NCc2cc(OC)c(OC)c(OC)c2)cc1,0,val
Cc1ccsc1/C(=C\CCN1CCC[C@H](C(=O)O)C1)c1c(C)cccc1C,1,val
O=C(O)c1ccccc1NS(=O)(=O)c1ccc2ccccc2c1,1,val
COC(=O)N[C@H](C(=O)N[C@@H](Cc1ccccc1)C(O)CN(CC(C)C)NC(=O)[C@@H](NC(=O)OC)C(C)C)C(C)C,1,val
Cc1cc2nc3ccc(C(=O)NCCCCc4cccnc4)cn3c(=O)c2cc1C,1,val
C/C(C#Cc1ccc(Cl)cc1)=C\CO/N=C1\CN2CCC1C2,1,val
Oc1nc2cc3cc(OCCCc4nnnn4C4CCN(CC5CCCCCC5)CC4)ccc3[nH]c-2n1,1,val
CCCc1c(OC)nc2nc(C(=O)c3ccccc3)cn2c1CC,1,val
COc1c(-c2ccccc2)c(O)nc2cc(Cl)ccc12,0,val
Cc1nc2cc(OC[C@H](O)CN3CCN(CC(=O)Nc4ccccc4)CC3)ccc2s1,1,val
CCCCc1nn(-c2ccccc2C)c(C(=O)OCC)c1Cc1ccc(-c2ccccc2-c2nn[nH]n2)cc1,1,val
Cc1cccc(NC(=O)Nc2ccc3cnccc3c2)c1,1,val
c1ccc(CN2Cc3c(-c4ccccc4)[nH]c(-c4ccccc4)c3C2)cc1,1,val
O=C(NNCc1ccc(Cl)cc1)NC(Cc1c[nH]c2ccccc12)C(=O)NCCc1ccccc1,1,val
COC(=O)/C=C1\CCN(CC2CCCCN2C(=O)Cc2ccc(Cl)c(Cl)c2)C1,1,val
CC(C)c1ccc2nc3ccc(C(=O)N(C)CCCCc4cccnc4)cn3c(=O)c2c1,1,val
CN1CCCC(CC(=O)N2c3ccccc3C(=O)Nc3cccnc32)C1,1,val
Cc1cc(C)c(/C=C2\C(=O)Nc3ncnc(Nc4ccc(F)c(Cl)c4)c32)[nH]1,1,val
Cc1ccnc(Nc2ncc(-c3ccccc3)s2)c1,1,val
COC(=O)COc1cccn2c(Cc3ccccc3-c3ccccc3)c(C(C)(C)C)c(C(=O)C(N)=O)c12,1,val
Fc1ccc(-c2cncc(CN3CCN(c4ccccc4F)CC3)c2)cc1,1,val
N#Cc1ccc(Oc2cncc3sc(C(N)=O)cc23)cc1,1,val
CCOCn1nnc(-c2ccncc2)c1-c1ccc(F)cc1,1,val
Cn1c(=O)c2[nH]cnc2n(C)c1=O,0,val
CC(=O)Nc1c(C(C)C)cc(CN2CCOCC2)cc1C(C)C,1,val
NC(N)=NCCC[C@H](N)B(O)O,0,test
CC(C)[C@H](NC(=O)OCc1ccccc1)C(=O)NC(Cc1ccc(OCc2ccccc2)cc1)C(=O)C(F)(F)C(=O)N[C@@H](C(=O)OC(C)(C)C)C(C)C,1,test
COc1ccc(Cn2cc[nH]c2=S)cc1C,0,test
CC(C)=CCC/C(C)=C/CC/C(C)=C/CC(CCC(=O)N[C@H](C(=O)N[C@@H](CC(C)C)C(=O)N[C@@H](CO)C(=O)O)C(C)C)C(=O)O,1,test
O=C(O)c1cnc2cc(OCCOc3ccc4ccccc4c3)ccc2c1O,1,test
COc1ccc(-c2nc(SCCCCCN(CCc3ccccn3)C(=O)Nc3ccc(F)cc3F)[nH]c2-c2ccc(OC)cc2)cc1,1,test
O=c1[nH]c2c(c(=O)[nH]1)CNc1ccccc1S2,0,test
CCCCCCCCCCCCCCCC(=O)N[C@@H](COP(=O)(O)OCCO)CC(C)C,1,test
COc1ccc(-c2ccc3oc(-c4ccc(OC)c(N5C(=O)c6ccc(C(=O)O)cc6C5=O)c4)nc3c2)cc1,1,test
O=c1[nH]cnc2c1ncn2[C@@H]1O[C@H](COP(=O)(O)OP(=O)(O)OP(=O)(O)OP(=O)(O)OP(=O)(O)OC[C@H]2O[C@@H](n3cnc4c(=O)[nH]cnc43)[C@H](O)[C@@H]2O)[C@@H](O)[C@H]1O,1,test
CCCCc1nn(CC(F)(F)F)c(C(=O)OCC)c1Cc1ccc(-c2ccccc2-c2nn[nH]n2)cc1,1,test
CS(=O)(=O)c1ccc(CSc2nc(-c3ccc(F)cc3)c(-c3ccncc3)[nH]2)cc1,1,test
O=c1oc(Nc2ccccc2I)nc2cc(Cl)c(Cl)cc12,1,test
Fc1ccc(CC(Nc2nc3cc(Cl)ccc3o2)c2ccccn2)cc1,1,test
Cc1oc([C@@H](Cc2cn(C)c3ccccc23)NC(=O)[C@H](CC(C)C)NC(=O)N(C)C2CCCCC2)nc1C(=O)O,1,test
CC1Cn2c(S)nc3cc(Cl)cc(c32)CN1CC1CC1,1,test
CC(C)=CCC/C(C)=C/CC/C(C)=C/CC(CC(=O)N[C@H](C(=O)N[C@@H](CC(C)C)C(=O)N[C@@H](CO)C(=O)O)C(C)C)C(=O)O,1,test
N[C@@H](CCP(=O)(O)O)C(=O)O,1,test
Cc1ccc(CN2CCN(C[C@@H](O)[C@H](Cc3ccccc3)NC(=O)O[C@@H]3CCS(=O)(=O)[C@@H]3C(C)C)[C@H](C(=O)NC(C)(C)C)C2)cn1,1,test
O=C(CC(O)CCc1ccc(O)c(O)c1)O[C@H]1Cc2cc(O)c(O)cc2O[C@H]1c1ccc(O)c(O)c1,1,test
CN(C)Cc1cc(C(=O)c2csc(S(N)(=O)=O)c2)ccc1O,1,test
Cc1ccccc1N1CCN(C(=O)COc2ccc3[nH]cc(CCN)c3c2)CC1,1,test
COc1ccc(-c2nc3cc(-c4cccc(F)c4)ccc3o2)cc1N1C(=O)c2ccc(C(=O)O)cc2C1=O,1,test
O=S(=O)(CCCOc1ccc2[nH]c3nc(O)nc-3cc2c1)C1CCN(CC2CCCCO2)CC1,1,test
O=C1c2[nH]cnc2N(Cc2ccc(Cl)cc2)C2=NCCN12,0,test
COc1ccc(S(=O)(=O)N2CCN(C(=O)c3cccnc3)CC2C(=O)NO)cc1,1,test
O=C(CN(Cc1ccccc1)C(=O)CN(CCCc1ccccc1)C(=O)Nc1ccc(Oc2ccccc2)cc1)NO,1,test
CCCCN(CCCC)C(=O)C1CCCN(Cc2ccc(CN3CCCC(C(=O)N(CCCC)CCCC)C3)cc2)C1,0,test
C[C@H](NC(=O)C(Cc1ccc(-c2ccccc2)cc1)NCP(=O)(O)O)C(=O)O,1,test
CNC(=O)c1cc2c(Oc3ccc(-c4nn[nH]n4)cc3)cncc2s1,1,test
CCN(CC)CCNc1ccc2c3c(nn2CCO)-c2ccccc2C(=O)c13,1,test
C/C(C#Cc1ccccc1)=C/CO/N=C1/CN2CCC1C2,1,test
CN(C)CCNc1ccc2c3c(nn2CCNCCO)-c2c(O)ccc(O)c2C(=O)c13,1,test
CN(C1=CC(=O)C(=O)c2ccccc21)c1ccccc1,0,test
CC(C)C[C@H](NC(=O)CC[C@H](N)C(=O)O)C(=O)N[C@@H](CCC(=O)O)C(=O)O,0,test
O=C(O)c1cnc2cc(OCCOc3ccc(Br)cc3)ccc2c1O,1,test
CCCCCCNc1nc(O)c2[nH]cnc2n1,0,test
Cc1nc2cc(OC[C@H](O)CN3CCN(CC(=O)Nc4cccc5ccccc45)CC3)ccc2s1,1,test
CCCCOc1ccc(S(=O)(=O)C2(C(=O)NO)CCN(CCOc3ccccc3)CC2)cc1,1,test
O=c1oc(Nc2ccccc2F)nc2ccccc12,0,test
Cc1nnsc1S(=O)(=O)NCCCn1c2c(c3ccccc31)C(=O)CN1CCCCC21,0,test
CC[C@@H]1C(O)SC[C@@H]1Cc1cncn1C,1,test
CC(C)CN1CCC(n2nnnc2CCCCOc2ccc3[nH]c4nc(O)nc-4cc3c2)CC1,1,test
Nc1ncnc2c1ncn2[C@@H]1O[C@H](COP(=O)(O)OP(=O)(O)S)[C@@H](O)[C@H]1O,1,test
CC(C)c1ccc2oc(N[C@H](CN3CCCCC3)c3ccccc3)nc2c1,1,test
CCCCc1nn(CCc2ccccc2)c(C(=O)O)c1Cc1ccc(-c2ccccc2-c2nn[nH]n2)cc1,1,test
O=C(CN(C(=O)CN(CCCc1ccccc1)C(=O)Nc1ccc(Oc2ccccc2)cc1)C1CCCc2ccccc21)NO,0,test
COc1ccc2c(Cc3c(Cl)cncc3Cl)nnc(-c3ccccc3)c2c1,1,test
Oc1ccc(Cn2cc[nH]c2=S)cc1O,1,test
COC(=O)[C@H](NC(=O)C(F)(F)C(=O)C(Cc1ccc(OCc2ccccc2)cc1)NC(=O)[C@@H](NC(=O)OCc1ccccc1)C(C)C)C(C)C,1,test
CCCCc1ccc(CN2CCN(Cc3c(O)cc4c(c3O)-c3cc(ccc3O)C3NC(=O)C5NC(=O)C6NC(=O)C(Cc7ccc(cc7)Oc7cc5cc(c7OC5OC(C(=O)O)C(O)C(O)C5N)Oc5ccc(cc5Cl)C(O)C(NC3=O)C(=O)N[C@H]4C(=O)O)NC(=O)C(NC)c3ccc(O)c(c3)Oc3cc(O)c(Cl)c6c3)CC2)cc1,0,test
COCCn1nc2c3c(c(NCCNCCO)ccc31)C(=O)c1c(O)ccc(O)c1-2,1,test
FC(F)(F)c1ccc(NC(=S)N2CCC(c3cccc(Br)c3)=N2)cc1,1,test
CS(=O)(=O)c1ccc(CSc2nc(-c3ccc(Br)cc3)c(-c3ccncc3)[nH]2)cc1,1,test
CCN(CC)CCCCCCCNc1ccc2c3c(nn2CCN(CC)CC)-c2ccccc2C(=O)c13,1,test
CC(C)CN(C)Cc1cc(C(=O)c2csc(S(N)(=O)=O)c2)ccc1O,1,test
CC1CCN=C1N,1,test
O=[N+]([O-])c1ccc(Cn2cc[nH]c2=S)cc1,0,test
COC(=O)[C@H](NC(=O)[C@@H]1CCC[C@H]1C(=O)NCc1ccc(C(=N)N)cc1)c1ccccc1,0,test
CCCCCCCCCCCCNC(=O)C(N)CN,1,test
COc1ccc(Cn2cc[nH]c2=S)cc1OC,0,test
CN(CCCN(C)S(=O)(=O)c1ccc(Cl)c([N+](=O)[O-])c1)S(=O)(=O)c1ccc(Cl)c([N+](=O)[O-])c1,1,test
CCCC(C)N(CC(=O)NO)C(=O)CN(C(=O)Nc1ccc2ccccc2c1)C1CCCc2ccccc21,0,test
CN(C)CCNCCNc1ccc2c3c(nn2CCN)-c2c(O)ccc(O)c2C(=O)c13,1,test
CC[C@H]1C(=O)SC[C@@H]1Cc1cncn1C,1,test
CC[C@@H]1C(=O)SC[C@@H]1Cc1cncn1C,1,test
CN[C@@H](CC(C)C)C(=O)NC1C(=O)N[C@@H](CC(N)=O)C(=O)NC2C(=O)NC3C(=O)NC(C(=O)N[C@@H](C(=O)O)c4cc(O)cc(O)c4-c4cc3ccc4O)C(O)c3ccc(c(Cl)c3)Oc3cc2cc(c3O)Oc2ccc(cc2Cl)C1O,0,test
CC(C)(C)c1ccc(Cn2c(=N)n(CC(=O)c3cc(C(C)(C)C)c(O)c(C(C)(C)C)c3)c3ccccc32)cc1,1,test
C[C@H](N)C(=O)N[C@@H](Cc1ccc(F)cc1)C(=O)N[C@@H](CCCN=C(N)N)C(=O)N[C@@H](CC1CCCCC1)C(=O)N[C@@H](CCCCN=C(N)N)C(=O)N[C@@H](Cc1ccc(O)cc1)C(N)=O,1,test
C[C@@H](NC(=O)N1C(=O)CC1Sc1ccccc1)c1ccccc1,1,test
O=S1(=O)c2cccc3cccc(c23)N1CCN1CCC(Cc2c[nH]c3cccc(F)c23)CC1,1,test
CC(C)=CCC/C(C)=C/CC/C(C)=C/C=C/P(=O)(O)C(F)(F)P(=O)(O)O,0,test
CCN(CC)CCn1nc2c3c(c(NCCN)ccc31)C(=O)c1ccccc1-2,1,test
O=C1c2c(NCCNCCO)cccc2-c2nn(CCNCCO)c3cccc1c23,1,test
CC(C)[C@H](NC(=O)OCc1ccccc1)C(=O)NC(Cc1ccc(OCc2ccccc2)cc1)C(=O)C(F)(F)C(=O)N[C@@H](C(=O)O)C(C)C,1,test
CC1(C2(O)c3ccccc3C3=NCCN32)CCCCC1,1,test
Oc1ccc(Cn2cc[nH]c2=S)cc1F,1,test
Cn1nc2c3c(c(NCCNCCO)ccc31)C(=O)c1c(O)ccc(O)c1-2,1,test
C=CCN1C[C@H](C)N([C@H](c2ccc(C(=O)N(CC)CC)cc2)c2cccc(OC)c2)C[C@H]1C,1,test
C[S+]([O-])c1ccccc1CSc1nc(-c2ccc(F)cc2)c(-c2ccncc2)[nH]1,1,test
COc1ccc(-c2nc3ccccc3o2)cc1N1C(=O)c2ccc(C(=O)O)cc2C1=O,1,test
COc1ccc(-c2nc3cc(-c4cccc(Cl)c4)ccc3o2)cc1N1C(=O)c2ccc(C(=O)O)cc2C1=O,1,test
NCCNCCNc1ccc2c3c(nn2CCNCCO)-c2c(O)ccc(O)c2C(=O)c13,1,test
CCSc1nc2nc(C(=O)c3ccccc3)cn2c2c1CCC2,1,test
COc1ccccc1Cn1cc[nH]c1=S,0,test
CCCc1n[nH]c(C(=O)OCC)c1Cc1ccc(-c2ccccc2-c2nn[nH]n2)cc1,1,test
COc1ccc(-c2nc3cc(-c4ccc(OC(F)(F)F)cc4)ccc3o2)cc1N1C(=O)c2ccc(C(=O)O)cc2C1=O,1,test
COc1cc(C(=O)N2CCN(C(=O)c3cc(OC)c(OC)c(OC)c3)C(COC(=O)N3CCCCC3)C2)cc(OC)c1OC,0,test
COc1ccc(CC(OC(C)=O)c2cc(OC)c(OC)c(OC)c2)cc1O,1,test
C/C(C#Cc1cccs1)=C\CO/N=C1\CN2CCC1C2,1,test
CC(C)c1ccc2oc(NC(Cc3cccc(Cl)c3)c3ccccn3)nc2c1,1,test
CNC(=O)c1cc2c(Oc3ccc(-n4ccnc4)cc3)cncc2s1,1,test
CC[C@H](C)[C@H](N)C(=O)N[C@@H](CC(N)=O)C(=O)N[C@@H](CC(C)C)C(=O)N[C@@H](CCCCN)C(=O)N[C@@H](C)C(=O)N[C@@H](CC(C)C)C(=O)N[C@@H](C)C(=O)N[C@@H](C)C(=O)N[C@@H](CC(C)C)C(=O)N[C@@H](C)C(=O)N[C@@H](CCCCN)C(=O)N[C@@H](CCCCN)C(=O)N[C@H](C(=O)N[C@@H](CC(C)C)C(N)=O)[C@@H](C)CC,1,test
COc1ccc2c(c1)CN(C(N)=O)N=C2Cc1c(Cl)cncc1Cl,1,test
O=C(NO)c1ccc(CNC(=O)c2ccc3ccccc3c2)cc1,1,test
CN1CCCC1/C(O)=C(\C#N)C(=O)Nc1ccc(C(F)(F)F)cc1,0,test
C[C@H]1C[C@@H](n2ncc3c(N)ncnc32)[C@H](O)[C@@H]1O,0,test
CN1CC[C@]23c4c5ccc(O)c4O[C@H]2[C@@H](NC(=O)CNC(=O)CNC(=O)CNC(=O)CCC(=O)NCC(=O)NCC(=O)NCC(=O)N[C@H]2CC[C@@]4(O)[C@H]6Cc7ccc(O)c8c7[C@@]4(CCN6C)[C@H]2O8)CC[C@@]3(O)[C@H]1C5,1,test
S=c1[nH]ccn1Cc1ccc(Cl)cc1Cl,0,test
COc1ccc(CC(Nc2nc3cc([N+](=O)[O-])ccc3o2)c2ccccn2)cc1,1,test
CNC(=O)[C@@H]1NC(=O)C2NC(=O)C(NC(=O)C3NC(=O)C(CC(N)=O)NC(=O)C(N)C(O)c4ccc(c(Cl)c4)Oc4cc3cc(c4O)Oc3ccc(cc3)C2O)c2ccc(O)c(c2)-c2c1cc(O)c(CNC1C3CC4CC(C3)CC1C4)c2O,0,test
O=C(O)CCNC(=O)[C@@H](Cc1ccc(-c2ccccc2)cc1)NCP(=O)(O)O,1,test
NCCn1nc2c3c(c(NCCNCCO)ccc31)C(=O)c1ccccc1-2,1,test
NCCn1nc2c3c(c(NCCCNCCO)ccc31)C(=O)c1c(O)ccc(O)c1-2,1,test
O=P(O)(O)C(Cc1ccccc1)N[C@H](Cc1ccc(-c2ccccc2)cc1)c1nnn[nH]1,1,test
CSc1ccc(CSc2nc(-c3ccc(Br)cc3)c(-c3ccncc3)[nH]2)cc1,1,test
O=C1c2ccccc2-c2nn(CCNCO)c3ccc(NCCNCCO)c1c23,1,test
CSc1ccc(O)c(CSc2nc(-c3ccc(F)cc3)c(-c3ccncc3)[nH]2)c1,1,test
N=C(N)c1ccc(C2=NOC(CC(=O)NCCC(=O)O)C2)cc1,1,test
CN1C(=O)[C@@H](NC(=O)c2cc3ccccc3[nH]2)N=C(c2ccccc2)c2ccccc21,1,test
C[C@H]1[C@@H](OCCCOc2c(O)cccc2O)O[C@@H]2O[C@@]3(C)CC[C@H]4[C@H](C)CC[C@@H]1[C@@]24OO3,1,test
CN(C)CCNCCNc1ccc2c3c(nn2CCNCCO)-c2c(O)ccc(O)c2C(=O)c13,1,test
O=C1c2c(O)ccc(O)c2-c2nn(CCO)c3ccc(NCCNCCO)c1c23,1,test
O=C(Cc1ccccc1)NNC(=O)NC(Cc1c[nH]c2ccccc12)C(=O)NCCc1ccccc1,1,test
CCCOc1ccc(S(=O)(=O)N2C/C(=N\OC)C[C@@H]2C(=O)NO)cc1,1,test
CCc1cc(NCc2cc3ccccc3s2)c(O)nc1C,1,test
S=C(Nc1cccc(Cl)c1)N1CCC(c2cccc(Br)c2)=N1,1,test
OC[C@H]1O[C@@H](n2cnc3c(N[C@@H]4CCOC4)ncnc32)[C@H](O)[C@@H]1O,1,test
CCCCN(CC(=O)N(CC(=O)NO)C(C)CC)C(=O)Nc1ccc(Oc2ccccc2)cc1,0,test
COc1cc(-c2ccc(/N=N/c3ccc4c(S(=O)(=O)[O-])cc(S(=O)(=O)[O-])c(N)c4c3O)c(OC)c2)ccc1/N=N/c1ccc2c(S(=O)(=O)[O-])cc(S(=O)(=O)[O-])c(N)c2c1O,1,test
CC(=N)NCCCC[C@H](N)C(=O)O,1,test
COc1cccc(OC)c1Cn1cc[nH]c1=S,0,test
CC(C)c1ccc2c(=O)oc(Nc3ccccc3I)nc2c1,0,test
COCCNc1ccc(N2C(=O)c3ccc(C(=O)O)cc3C2=O)cc1-c1nc2cc(-c3cc(F)cc(F)c3)ccc2o1,1,test
Cc1cccc(C)c1Nc1nc2ccccc2c(=O)o1,0,test
O=c1oc(Nc2ccccc2I)nc2cc(C(F)(F)F)ccc12,0,test
O=C(NCC1CCC(C(=O)NO)CC1)c1cccc2ccccc12,0,test
COc1cc(/C=C\c2ccc(N(C)C)cc2)cc(OC)c1OC,1,test
COc1cc(CCc2ccc(N(C)C)cc2)cc(OC)c1OC,0,test
O=P(O)(O)C(Cc1ccc2ccccc2c1)N[C@@H](Cc1ccc(-c2ccccc2)cc1)c1nnn[nH]1,1,test
NCCN,0,test
O=C1c2cccc3cc4ccccc4c(c23)C(=O)N1Cc1cccnc1,1,test
OC1(c2cccnc2)c2ccccc2C2=NCCN21,1,test
O=S(=O)(CCCOc1ccc2[nH]c3nc(O)nc-3cc2c1)C1CCN(Cc2ccc(F)cc2)CC1,1,test
CCCCCC1N=C(N)CC1C(F)(F)F,1,test
CC1CC(N)=NC1Cc1ccccc1,1,test
O=C(NCCCn1c2c(c3ccccc31)C(=O)CN1CCCCC21)c1ccco1,0,test
CCC1C(CC(N)=O)=C2C(OCC(=O)O)=CC=CN2/C1=C\c1ccc2ccccc2c1,0,test
O=C(CN(CCCCc1ccccc1)C(=O)CN(CCCCc1ccccc1)C(=O)Nc1ccc(Oc2ccccc2)cc1)NO,0,test
CC1C(C)n2c(S)nc3cccc(c32)CN1CC1CC1,0,test
CCC1C(C(N)=O)=C2C(OCC(=O)O)=CC=CN2/C1=C\c1ccccc1Cc1ccccc1,0,test
CC(C)C[C@H](NC(=O)CC[C@H](N)C(=O)O)C(=O)N[C@@H](CCCCNCCCCN)C(=O)O,0,test
Oc1nc2cc3cc(OCCCCc4nnnn4C4CCN(CC5CCCCC5)CC4)ccc3[nH]c-2n1,1,test
CCOc1ccc(S(=O)(=O)N2C/C(=N\OC)C[C@@H]2C(=O)NO)cc1,1,test
C[N+](C)(C)CCCCl,0,test
O=C(Cc1ccccc1)Nc1c(-c2ccccc2)c(O)nc2cc(Cl)ccc12,0,test
CNC(=O)c1cc2c(Oc3ccc(/C=C/C(=O)NCCN4CCOCC4)cc3)cncc2s1,1,test
S=c1[nH]ccn1Cc1ccccc1Cl,0,test
CC(C)c1ccc2oc(NC(Cc3ccc(Cl)cc3)c3ccccn3)nc2c1,1,test
CCCCCC1N=C(N)CC1C,1,test
COc1ccc(-c2nc3[nH]c(N)nc(N)c-3n2)c2ccccc12,0,test
c1ccc(-c2sc(-c3ccccc3)c3ccccc23)cc1,1,test
CC1(C)COC(c2ccc(C(O)c3ccc(Cl)cc3)cc2)=N1,1,test
CC(C)C[C@H](NC(=O)CC[C@H](N)C(=O)O)C(=O)N[C@@H](CC(=O)O)C(=O)O,0,test
CCCCCNC(=N)c1ccc(C2=NOC(CC(=O)NCCC(=O)O)C2)cc1,1,test
COc1ccc(S(=O)(=O)N2C/C(=N\O)C[C@@H]2C(=O)NO)cc1,1,test
C/C(C#Cc1ccc(F)cc1)=C/CO/N=C1/CN2CCC1C2,1,test
Cc1cn(C2C=CC(COC(=O)CN3CCNCC3)O2)c(=O)[nH]c1=O,1,test
c1cnc(N2CCN(Cc3cccc4c3Cc3ccccc3-4)CC2)nc1,1,test
Oc1nc2cc3cc(OCCCCc4nnnn4C4CCNCC4)ccc3[nH]c-2n1,1,test
CCOP(=O)(CNC(Cc1ccc(-c2ccccc2)cc1)C(=O)NCCC(=O)O)OCC,1,test
Cc1ccc2oc(-c3cccc(N4C(=O)c5ccc(C(=O)O)cc5C4=O)c3)nc2c1,1,test
Nc1ncnc2c1ncn2[C@H]1C[C@H](O)[C@@H](COP(=O)(O)OP(=O)(O)OP(=O)(O)O)O1,1,test
CCCCCCCCCCCCCC(N)(CO)CO,1,test
Cc1nc2cc(OC[C@H](O)CN3CCN(CC(=O)Nc4cccc(-c5ccccc5)c4)CC3)ccc2s1,1,test
CCCC[C@@H](C)/C=C(C)/C=C(\C)C(=O)NC1=C[C@@](O)(/C=C/C=C/C=C/C(=O)NC2=C(O)CCC2=O)[C@@H]2O[C@@H]2C1=O,0,test
C=C(CC[C@]12O[C@H](CN(C)C)[C@@](O)(C(=O)O)[C@](C(=O)O)(O1)[C@H](OC(=O)/C=C/[C@@H](C)C[C@@H](C)CC)[C@H]2O)[C@@H](OC(C)=O)[C@H](C)Cc1ccccc1,1,test
O=S1(=O)c2cccc3cccc(c23)N1CCCCN1CC=C(c2c[nH]c3ccccc23)CC1,1,test
Oc1c(F)cc(Cn2cc[nH]c2=S)cc1F,1,test
CCCCCN(CC(=O)NO)C(=O)CN(C(=O)Nc1ccc(Oc2ccccc2)cc1)C(C)CCC,0,test
COCCNc1ccc(N2C(=O)c3ccc(C(=O)O)cc3C2=O)cc1-c1nc2cc(-c3ccccc3)ccc2o1,1,test
c1ccc(-c2cnc(Nc3cccnc3)s2)cc1,1,test
CC(C)CN1CCC(S(=O)(=O)CCCOc2ccc3[nH]c4nc(O)nc-4cc3c2)CC1,1,test
NC1=NC(Cc2ccccc2)C(C(F)(F)F)C1,0,test
COc1ccc2c(c1OC1CCCC1)CN(C(C)=O)N=C2Cc1c(Cl)cncc1Cl,1,test
CCN(C(C)C)S(=O)(=O)CC[C@@H]1O[C@@H]1[C@H](Cc1ccccc1)NC(=O)[C@@H](NC(=O)OCc1ccccc1)C(C)(C)S(C)(=O)=O,1,test
COc1ccc(C(Cc2ccncc2)c2ccc(F)cc2)cc1OC1CCCC1,1,test
CC(C)NCCCOc1ccc(-c2ccccc2)cc1,1,test
S=c1[nH]ccn1Cc1ccc(Cl)cc1,0,test
CCC(=O)C1C(c2cccc3ccccc23)CC2CCC1N2C,1,test
COc1ccc(CCN2CCC(C(=O)NO)(S(=O)(=O)c3ccc(OC)cc3)CC2)cc1,1,test
CCCCCCNc1ccc2c3c(nn2CCN(CC)CC)-c2ccccc2C(=O)c13,1,test
CC(C)(C)c1cc(C(=O)Cn2c(=N)n(Cc3ccc(Cl)c(Cl)c3)c3ccccc32)cc(C(C)(C)C)c1O,1,test
N[C@@H](CCC(=O)O)C(=O)O,1,test
CCOC(=O)c1ccc(CCC2=C(c3ccccc3)c3ccccc3C(=O)C2=O)cc1,1,test
NC(=O)c1cccc([C@@H]2O[C@H](CO)[C@@H](O)[C@H]2O)c1,1,test
C=C(CC[C@]12O[C@H](CNS(=O)(=O)C(F)(F)F)[C@@](O)(C(=O)O)[C@](C(=O)O)(O1)[C@H](O)[C@H]2O)[C@@H](OC(C)=O)[C@H](C)Cc1ccccc1,1,test
C[C@H](N)C(=O)N[C@@H](Cc1ccc(F)cc1)C(=O)N[C@@H](CCCN=C(N)N)C(=O)N[C@@H](CC1CCCCC1)C(=O)N[C@@H](CCCCN=C(N)N)C(=O)NC(Cc1ccc(O)c(I)c1)C(N)=O,1,test
S=c1[nH]ccn1Cc1cc(Cl)cc(Cl)c1,1,test
CCN(CC)CCn1nc2c3c(c(NCCNC)ccc31)C(=O)c1c(O)ccc(O)c1-2,1,test
COC(=O)/C=C1/C(=O)N2C1S(=O)(=O)[C@@](C)(COC(=O)CSc1nnnn1C)[C@@H]2C(=O)[O-],1,test
C/C(=C/C=C/C(C)=C/C(=O)O)c1cc(-c2cc(F)cc(F)c2)cc(C(C)C)c1OCC(F)F,1,test
COc1ccc(S(=O)(=O)N2C/C(=N\OC(C)(C)C)C[C@@H]2C(=O)NO)cc1,1,test
COC(=O)CC(O)CP(=O)([O-])CCc1c(Cl)cc(Cl)cc1OCc1ccccc1,1,test
CC(C)C[C@H](NC(=O)CC[C@H](N)C(=O)O)C(=O)N[C@@H](CO)C(=O)O,0,test
CC(C)C[C@H](NC(=O)[C@H](CC(=O)[C@H](Cc1ccc(O)cc1)NC(=O)[C@@H]1CCCN1C(=O)[C@H](CCCNC(=N)N)NC(=O)[C@@H](N)CCCNC(=N)N)Cc1ccccc1)C(=O)O,1,test
O=C1C2C=Nc3ccccc3C2=NN1c1ccc(Cl)cc1,1,test
CC(C)C[C@H](NC(=O)CC[C@H](N)C(=O)O)C(=O)N[C@@H](CN)C(=O)O,1,test
N#C/C(C(=O)Nc1ccc(CCc2ccccc2)cc1)=C(/O)C1CC1,1,test
CC(C)=CCC/C(C)=C/CC/C(C)=C/CC(CCCCC(=O)N[C@H](C(=O)N[C@@H](CC(C)C)C(=O)N[C@@H](CO)C(=O)O)C(C)C)C(=O)O,1,test
O=C(O)CCCNC(=O)C(Cc1ccc(-c2ccccc2)cc1)NCP(=O)(O)O,1,test
Oc1c(Cl)cc(Cn2cc[nH]c2=S)cc1Cl,1,test
CC(C)NCC(O)COc1ccc(-c2ccccc2)cc1,1,test
c1ccc(CCCN2CCC(COC(c3ccccc3)c3ccccc3)CC2)cc1,1,test
CSCC[C@H](NC(=O)c1cccc(C(=O)N[C@H](CCSC)C(=O)N2CCCC2)c1)C(=O)N1CCCC1,1,test
O=[N+]([O-])c1ccc2oc(NC(Cc3ccc(F)cc3)c3ccccn3)nc2c1,1,test
CCOCn1nnc(-c2ccnc(Oc3ccccc3)n2)c1-c1ccc(F)cc1,1,test
COc1ccc(-c2nc3cc(-c4ccc(F)c(F)c4)ccc3o2)cc1N1C(=O)c2ccc(C(=O)O)cc2C1=O,1,test
COc1ccc(N2C(=O)c3ccc(C(=O)O)cc3C2=O)cc1-c1nc2cc(-c3cc(F)cc(F)c3)ccc2o1,1,test
Fc1ccc(C(OCC2CCN(Cc3ccccc3)CC2)c2ccc(F)cc2)cc1,1,test
COc1ccccc1-c1ccc2oc(-c3ccc(OC)c(N4C(=O)c5ccc(C(=O)O)cc5C4=O)c3)nc2c1,1,test
CC(=O)OCCOCn1c2c(c(=O)n(C)c1=O)CNc1ccccc1S2,0,test
Cc1cccc(NC(=O)N[C@H]2N=C(N3CCCCCC3)c3ccccc3N(C)C2=O)c1,1,test
O=C1c2ccccc2C(=O)N1CCOCCN1CCN(c2nsc3ccccc23)CC1,1,test
COc1ccc(N2C(=O)c3ccc(C(=O)O)cc3C2=O)cc1-c1nc2cc(-c3ccc(Cl)cc3)ccc2o1,1,test
O=C(CCc1ccc2[nH]c(-c3ccc(Cl)s3)nc2c1)Nc1ccc(N2CCOCC2=O)cc1F,1,test
CC(C)=CCC/C(C)=C/CC/C(C)=C/CCP(=O)(O)OP(=O)(O)O,0,test
COc1ccc(/C=C\c2cc(OC)c(OC)c(OC)c2)c(Cl)c1,1,test
O=C1c2ccccc2C(=O)N1CCCCCCN1CCN(c2nsc3ccccc23)CC1,1,test
COc1cc(OC)c(NC(=O)N(c2ccccc2)c2nnn(CCCCCCCCOC3CCCCO3)n2)c(OC)c1,1,test
